INFO: kbplacer_plugin_action.py:70: Plugin version: 0.14
INFO: kbplacer_plugin_action.py:71: Python version: '3.11.5 (main, Sep 17 2025, 01:04:48) [MSC v.1944 64 bit (AMD64)]'
INFO: kbplacer_plugin_action.py:72: KiCad version: 9.0.5 with 4.2.2 msw (phoenix) wxWidgets 3.2.8
INFO: kbplacer_dialog.py:631: Language: en
INFO: kbplacer_plugin_action.py:80: GUI state: {"layout_path": "C:\\Users\\Nathan\\Downloads\\FR03_15UEnter.json", "key_distance": [19.05, 19.05], "key_info": {"annotation_format": "SW{}", "position_option": "Default", "position": {"x": 0.0, "y": 0.0, "orientation": 0.0, "side": "Front"}, "template_path": ""}, "enable_diode_placement": true, "route_switches_with_diodes": true, "optimize_diodes_orientation": false, "diode_info": {"annotation_format": "D{}", "position_option": "Default", "position": {"x": 5.08, "y": 3.03, "orientation": 90.0, "side": "Back"}, "template_path": ""}, "additional_elements": [{"annotation_format": "ST{}", "position_option": "Custom", "position": {"x": 0.0, "y": 0.0, "orientation": 0.0, "side": "Back"}, "template_path": ""}], "route_rows_and_columns": true, "template_path": "", "generate_outline": false, "outline_delta": 2.0}
DEBUG: key_placer.py:424: Set key 1U distance: 19050000/19050000
DEBUG: key_placer.py:141: Switches by nets: defaultdict(<class 'list'>, {frozenset({'ROW0', 'COL1'}): ['SW2'], frozenset({'COL0', 'ROW3'}): ['SW37'], frozenset({'COL1', 'ROW3'}): ['SW38'], frozenset({'COL10', 'ROW3'}): ['SW45'], frozenset({'ROW0', 'COL4'}): ['SW5'], frozenset({'COL2', 'ROW1'}): ['SW15'], frozenset({'COL2', 'ROW2'}): ['SW27'], frozenset({'COL11', 'ROW1'}): ['SW24'], frozenset({'ROW3', 'COL4'}): ['SW41'], frozenset({'ROW0', 'COL3'}): ['SW4'], frozenset({'ROW2', 'COL11'}): ['SW36'], frozenset({'ROW3', 'COL8'}): ['SW43'], frozenset({'COL7', 'ROW2'}): ['SW32'], frozenset({'ROW0', 'COL11'}): ['SW12'], frozenset({'COL8', 'ROW1'}): ['SW21'], frozenset({'COL1', 'ROW2'}): ['SW26'], frozenset({'COL3', 'ROW1'}): ['SW16'], frozenset({'ROW3', 'COL9'}): ['SW44'], frozenset({'COL0', 'ROW1'}): ['SW13'], frozenset({'COL7', 'ROW0'}): ['SW8'], frozenset({'ROW2', 'COL9'}): ['SW34'], frozenset({'COL8', 'ROW2'}): ['SW33'], frozenset({'ROW0', 'COL6'}): ['SW7'], frozenset({'ROW3', 'COL11'}): ['SW46'], frozenset({'COL10', 'ROW1'}): ['SW23'], frozenset({'COL2', 'ROW3'}): ['SW39'], frozenset({'COL4', 'ROW1'}): ['SW17'], frozenset({'+3V3', 'BOOT'}): ['SW48'], frozenset({'COL7', 'ROW1'}): ['SW20'], frozenset({'ROW0', 'COL8'}): ['SW9'], frozenset({'COL5', 'ROW0'}): ['SW6'], frozenset({'COL0', 'ROW0'}): ['SW1'], frozenset({'COL2', 'ROW0'}): ['SW3'], frozenset({'COL5', 'ROW2'}): ['SW30'], frozenset({'ROW2', 'COL4'}): ['SW29'], frozenset({'COL9', 'ROW1'}): ['SW22'], frozenset({'COL3', 'ROW3'}): ['SW40'], frozenset({'COL3', 'ROW2'}): ['SW28'], frozenset({'COL6', 'ROW1'}): ['SW19'], frozenset({'COL6', 'ROW2'}): ['SW31'], frozenset({'ROW0', 'COL9'}): ['SW10'], frozenset({'COL10', 'ROW2'}): ['SW35'], frozenset({'COL5', 'ROW1'}): ['SW18'], frozenset({'COL10', 'ROW0'}): ['SW11'], frozenset({'COL6', 'ROW3'}): ['SW42'], frozenset({'COL0', 'ROW2'}): ['SW25'], frozenset({'COL1', 'ROW1'}): ['SW14']})
DEBUG: key_placer.py:145: Diodes by switch: {'SW33': ['D33'], 'SW3': ['D3'], 'SW38': ['D38'], 'SW10': ['D10'], 'SW7': ['D7'], 'SW24': ['D24'], 'SW35': ['D35'], 'SW19': ['D19'], 'SW20': ['D20'], 'SW45': ['D45'], 'SW17': ['D17'], 'SW4': ['D4'], 'SW9': ['D9'], 'SW41': ['D41'], 'SW30': ['D30'], 'SW27': ['D27'], 'SW22': ['D22'], 'SW16': ['D16'], 'SW28': ['D28'], 'SW12': ['D12'], 'SW40': ['D40'], 'SW44': ['D44'], 'SW18': ['D18'], 'SW11': ['D11'], 'SW43': ['D43'], 'SW25': ['D25'], 'SW29': ['D29'], 'SW21': ['D21'], 'SW26': ['D26'], 'SW31': ['D31'], 'SW13': ['D13'], 'SW23': ['D23'], 'SW36': ['D36'], 'SW32': ['D32'], 'SW46': ['D46'], 'SW1': ['D1'], 'SW8': ['D8'], 'SW39': ['D39'], 'SW37': ['D37'], 'SW5': ['D5'], 'SW34': ['D34'], 'SW15': ['D15'], 'SW14': ['D14'], 'SW42': ['D42'], 'SW6': ['D6'], 'SW2': ['D2']}
INFO: kle_serial.py:931: User layout: [[{'a': 7, 'w': 1.5}, 'Tab', 'Q', 'W', 'E', 'R', 'T', 'Y', 'U', 'I', 'O', 'P', {'w': 1.75}, 'Backspace'], [{'w': 1.75}, 'Caps Lock', 'A', 'S', 'D', 'F', 'G', 'H', 'J', 'K', 'L', ';', {'w': 1.5}, 'Enter'], [{'w': 2.25}, 'Shift', 'Z', 'X', 'C', 'V', 'B', 'N', 'M', {'a': 5}, '\n,\n\n\n\n\n<', '\n.\n\n\n\n\n>', {'a': 7}, '', 'delete'], [{'a': 5, 'w': 1.25}, 'CTRL', 'M03', {'w': 1.25}, 'ALT', {'w': 2.25}, 'Space', 'M01', {'w': 2.25}, 'Space', {'w': 1.25}, 'MO2', {'a': 7}, '', '', '']]
DEBUG: key_placer.py:724: Layout offset: (23812500, 28575000)
DEBUG: kle_serial.py:990: Layout with: x_ortholinear_keys=5, y_ortholinear_keys=46, rotated_keys=0, encoders=0, iso_enters=0 and unrecognized_shape_keys=0
DEBUG: kle_serial.py:1015: Layout tagged: [<KeyboardTag.ROW_STAGGERED: 2>]
DEBUG: board_modifier.py:94: Setting SW1 footprint position: (38100000, 38100000)
DEBUG: board_modifier.py:94: Setting SW2 footprint position: (61912500, 38100000)
DEBUG: board_modifier.py:94: Setting SW3 footprint position: (80962500, 38100000)
DEBUG: board_modifier.py:94: Setting SW4 footprint position: (100012500, 38100000)
DEBUG: board_modifier.py:94: Setting SW5 footprint position: (119062500, 38100000)
DEBUG: board_modifier.py:94: Setting SW6 footprint position: (138112500, 38100000)
DEBUG: board_modifier.py:94: Setting SW7 footprint position: (157162500, 38100000)
DEBUG: board_modifier.py:94: Setting SW8 footprint position: (176212500, 38100000)
DEBUG: board_modifier.py:94: Setting SW9 footprint position: (195262500, 38100000)
DEBUG: board_modifier.py:94: Setting SW10 footprint position: (214312500, 38100000)
DEBUG: board_modifier.py:94: Setting SW11 footprint position: (233362500, 38100000)
DEBUG: board_modifier.py:94: Setting SW12 footprint position: (259556250, 38100000)
DEBUG: board_modifier.py:94: Setting SW13 footprint position: (40481250, 57150000)
DEBUG: board_modifier.py:94: Setting SW14 footprint position: (66675000, 57150000)
DEBUG: board_modifier.py:94: Setting SW15 footprint position: (85725000, 57150000)
DEBUG: board_modifier.py:94: Setting SW16 footprint position: (104775000, 57150000)
DEBUG: board_modifier.py:94: Setting SW17 footprint position: (123825000, 57150000)
DEBUG: board_modifier.py:94: Setting SW18 footprint position: (142875000, 57150000)
DEBUG: board_modifier.py:94: Setting SW19 footprint position: (161925000, 57150000)
DEBUG: board_modifier.py:94: Setting SW20 footprint position: (180975000, 57150000)
DEBUG: board_modifier.py:94: Setting SW21 footprint position: (200025000, 57150000)
DEBUG: board_modifier.py:94: Setting SW22 footprint position: (219075000, 57150000)
DEBUG: board_modifier.py:94: Setting SW23 footprint position: (238125000, 57150000)
DEBUG: board_modifier.py:94: Setting SW24 footprint position: (261937500, 57150000)
DEBUG: board_modifier.py:94: Setting SW25 footprint position: (45243750, 76200000)
DEBUG: board_modifier.py:94: Setting SW26 footprint position: (76200000, 76200000)
DEBUG: board_modifier.py:94: Setting SW27 footprint position: (95250000, 76200000)
DEBUG: board_modifier.py:94: Setting SW28 footprint position: (114300000, 76200000)
DEBUG: board_modifier.py:94: Setting SW29 footprint position: (133350000, 76200000)
DEBUG: board_modifier.py:94: Setting SW30 footprint position: (152400000, 76200000)
DEBUG: board_modifier.py:94: Setting SW31 footprint position: (171450000, 76200000)
DEBUG: board_modifier.py:94: Setting SW32 footprint position: (190500000, 76200000)
DEBUG: board_modifier.py:94: Setting SW33 footprint position: (209550000, 76200000)
DEBUG: board_modifier.py:94: Setting SW34 footprint position: (228600000, 76200000)
DEBUG: board_modifier.py:94: Setting SW35 footprint position: (247650000, 76200000)
DEBUG: board_modifier.py:94: Setting SW36 footprint position: (266700000, 76200000)
DEBUG: board_modifier.py:94: Setting SW37 footprint position: (35718750, 95250000)
DEBUG: board_modifier.py:94: Setting SW38 footprint position: (57150000, 95250000)
DEBUG: board_modifier.py:94: Setting SW39 footprint position: (78581250, 95250000)
DEBUG: board_modifier.py:94: Setting SW40 footprint position: (111918750, 95250000)
DEBUG: board_modifier.py:94: Setting SW41 footprint position: (142875000, 95250000)
DEBUG: board_modifier.py:94: Setting SW42 footprint position: (173831250, 95250000)
DEBUG: board_modifier.py:94: Setting SW43 footprint position: (207168750, 95250000)
DEBUG: board_modifier.py:94: Setting SW44 footprint position: (228600000, 95250000)
DEBUG: board_modifier.py:94: Setting SW45 footprint position: (247650000, 95250000)
DEBUG: board_modifier.py:94: Setting SW46 footprint position: (266700000, 95250000)
INFO: key_placer.py:1078: Diode info: [ElementInfo(annotation_format='D{}', position_option=<PositionOption.DEFAULT: 'Default'>, position=ElementPosition(x=5.08, y=3.03, orientation=90.0, side=<Side.BACK: 'Back'>), template_path='')]
DEBUG: board_modifier.py:107: Getting SW1 footprint position: (38100000, 38100000)
DEBUG: board_modifier.py:94: Setting D1 footprint position: (43180000, 41130000)
DEBUG: board_modifier.py:107: Getting SW2 footprint position: (61912500, 38100000)
DEBUG: board_modifier.py:94: Setting D2 footprint position: (66992500, 41130000)
DEBUG: board_modifier.py:107: Getting SW3 footprint position: (80962500, 38100000)
DEBUG: board_modifier.py:94: Setting D3 footprint position: (86042500, 41130000)
DEBUG: board_modifier.py:107: Getting SW4 footprint position: (100012500, 38100000)
DEBUG: board_modifier.py:94: Setting D4 footprint position: (105092500, 41130000)
DEBUG: board_modifier.py:107: Getting SW5 footprint position: (119062500, 38100000)
DEBUG: board_modifier.py:94: Setting D5 footprint position: (124142500, 41130000)
DEBUG: board_modifier.py:107: Getting SW6 footprint position: (138112500, 38100000)
DEBUG: board_modifier.py:94: Setting D6 footprint position: (143192500, 41130000)
DEBUG: board_modifier.py:107: Getting SW7 footprint position: (157162500, 38100000)
DEBUG: board_modifier.py:94: Setting D7 footprint position: (162242500, 41130000)
DEBUG: board_modifier.py:107: Getting SW8 footprint position: (176212500, 38100000)
DEBUG: board_modifier.py:94: Setting D8 footprint position: (181292500, 41130000)
DEBUG: board_modifier.py:107: Getting SW9 footprint position: (195262500, 38100000)
DEBUG: board_modifier.py:94: Setting D9 footprint position: (200342500, 41130000)
DEBUG: board_modifier.py:107: Getting SW10 footprint position: (214312500, 38100000)
DEBUG: board_modifier.py:94: Setting D10 footprint position: (219392500, 41130000)
DEBUG: board_modifier.py:107: Getting SW11 footprint position: (233362500, 38100000)
DEBUG: board_modifier.py:94: Setting D11 footprint position: (238442500, 41130000)
DEBUG: board_modifier.py:107: Getting SW12 footprint position: (259556250, 38100000)
DEBUG: board_modifier.py:94: Setting D12 footprint position: (264636250, 41130000)
DEBUG: board_modifier.py:107: Getting SW13 footprint position: (40481250, 57150000)
DEBUG: board_modifier.py:94: Setting D13 footprint position: (45561250, 60180000)
DEBUG: board_modifier.py:107: Getting SW14 footprint position: (66675000, 57150000)
DEBUG: board_modifier.py:94: Setting D14 footprint position: (71755000, 60180000)
DEBUG: board_modifier.py:107: Getting SW15 footprint position: (85725000, 57150000)
DEBUG: board_modifier.py:94: Setting D15 footprint position: (90805000, 60180000)
DEBUG: board_modifier.py:107: Getting SW16 footprint position: (104775000, 57150000)
DEBUG: board_modifier.py:94: Setting D16 footprint position: (109855000, 60180000)
DEBUG: board_modifier.py:107: Getting SW17 footprint position: (123825000, 57150000)
DEBUG: board_modifier.py:94: Setting D17 footprint position: (128905000, 60180000)
DEBUG: board_modifier.py:107: Getting SW18 footprint position: (142875000, 57150000)
DEBUG: board_modifier.py:94: Setting D18 footprint position: (147955000, 60180000)
DEBUG: board_modifier.py:107: Getting SW19 footprint position: (161925000, 57150000)
DEBUG: board_modifier.py:94: Setting D19 footprint position: (167005000, 60180000)
DEBUG: board_modifier.py:107: Getting SW20 footprint position: (180975000, 57150000)
DEBUG: board_modifier.py:94: Setting D20 footprint position: (186055000, 60180000)
DEBUG: board_modifier.py:107: Getting SW21 footprint position: (200025000, 57150000)
DEBUG: board_modifier.py:94: Setting D21 footprint position: (205105000, 60180000)
DEBUG: board_modifier.py:107: Getting SW22 footprint position: (219075000, 57150000)
DEBUG: board_modifier.py:94: Setting D22 footprint position: (224155000, 60180000)
DEBUG: board_modifier.py:107: Getting SW23 footprint position: (238125000, 57150000)
DEBUG: board_modifier.py:94: Setting D23 footprint position: (243205000, 60180000)
DEBUG: board_modifier.py:107: Getting SW24 footprint position: (261937500, 57150000)
DEBUG: board_modifier.py:94: Setting D24 footprint position: (267017500, 60180000)
DEBUG: board_modifier.py:107: Getting SW25 footprint position: (45243750, 76200000)
DEBUG: board_modifier.py:94: Setting D25 footprint position: (50323750, 79230000)
DEBUG: board_modifier.py:107: Getting SW26 footprint position: (76200000, 76200000)
DEBUG: board_modifier.py:94: Setting D26 footprint position: (81280000, 79230000)
DEBUG: board_modifier.py:107: Getting SW27 footprint position: (95250000, 76200000)
DEBUG: board_modifier.py:94: Setting D27 footprint position: (100330000, 79230000)
DEBUG: board_modifier.py:107: Getting SW28 footprint position: (114300000, 76200000)
DEBUG: board_modifier.py:94: Setting D28 footprint position: (119380000, 79230000)
DEBUG: board_modifier.py:107: Getting SW29 footprint position: (133350000, 76200000)
DEBUG: board_modifier.py:94: Setting D29 footprint position: (138430000, 79230000)
DEBUG: board_modifier.py:107: Getting SW30 footprint position: (152400000, 76200000)
DEBUG: board_modifier.py:94: Setting D30 footprint position: (157480000, 79230000)
DEBUG: board_modifier.py:107: Getting SW31 footprint position: (171450000, 76200000)
DEBUG: board_modifier.py:94: Setting D31 footprint position: (176530000, 79230000)
DEBUG: board_modifier.py:107: Getting SW32 footprint position: (190500000, 76200000)
DEBUG: board_modifier.py:94: Setting D32 footprint position: (195580000, 79230000)
DEBUG: board_modifier.py:107: Getting SW33 footprint position: (209550000, 76200000)
DEBUG: board_modifier.py:94: Setting D33 footprint position: (214630000, 79230000)
DEBUG: board_modifier.py:107: Getting SW34 footprint position: (228600000, 76200000)
DEBUG: board_modifier.py:94: Setting D34 footprint position: (233680000, 79230000)
DEBUG: board_modifier.py:107: Getting SW35 footprint position: (247650000, 76200000)
DEBUG: board_modifier.py:94: Setting D35 footprint position: (252730000, 79230000)
DEBUG: board_modifier.py:107: Getting SW36 footprint position: (266700000, 76200000)
DEBUG: board_modifier.py:94: Setting D36 footprint position: (271780000, 79230000)
DEBUG: board_modifier.py:107: Getting SW37 footprint position: (35718750, 95250000)
DEBUG: board_modifier.py:94: Setting D37 footprint position: (40798750, 98280000)
DEBUG: board_modifier.py:107: Getting SW38 footprint position: (57150000, 95250000)
DEBUG: board_modifier.py:94: Setting D38 footprint position: (62230000, 98280000)
DEBUG: board_modifier.py:107: Getting SW39 footprint position: (78581250, 95250000)
DEBUG: board_modifier.py:94: Setting D39 footprint position: (83661250, 98280000)
DEBUG: board_modifier.py:107: Getting SW40 footprint position: (111918750, 95250000)
DEBUG: board_modifier.py:94: Setting D40 footprint position: (116998750, 98280000)
DEBUG: board_modifier.py:107: Getting SW41 footprint position: (142875000, 95250000)
DEBUG: board_modifier.py:94: Setting D41 footprint position: (147955000, 98280000)
DEBUG: board_modifier.py:107: Getting SW42 footprint position: (173831250, 95250000)
DEBUG: board_modifier.py:94: Setting D42 footprint position: (178911250, 98280000)
DEBUG: board_modifier.py:107: Getting SW43 footprint position: (207168750, 95250000)
DEBUG: board_modifier.py:94: Setting D43 footprint position: (212248750, 98280000)
DEBUG: board_modifier.py:107: Getting SW44 footprint position: (228600000, 95250000)
DEBUG: board_modifier.py:94: Setting D44 footprint position: (233680000, 98280000)
DEBUG: board_modifier.py:107: Getting SW45 footprint position: (247650000, 95250000)
DEBUG: board_modifier.py:94: Setting D45 footprint position: (252730000, 98280000)
DEBUG: board_modifier.py:107: Getting SW46 footprint position: (266700000, 95250000)
DEBUG: board_modifier.py:94: Setting D46 footprint position: (271780000, 98280000)
DEBUG: board_modifier.py:107: Getting SW48 footprint position: (148844000, 185801000)
DEBUG: key_placer.py:854: Placing additional elements for SW2
DEBUG: board_modifier.py:107: Getting SW2 footprint position: (61912500, 38100000)
DEBUG: board_modifier.py:84: Searching for optional ST2 footprint in C:\Users\Nathan\OneDrive\Documents\Github\keyboard\kb\kb.kicad_pcb
DEBUG: board_modifier.py:89: Footprint not found
DEBUG: key_placer.py:854: Placing additional elements for SW37
DEBUG: board_modifier.py:107: Getting SW37 footprint position: (35718750, 95250000)
DEBUG: board_modifier.py:84: Searching for optional ST37 footprint in C:\Users\Nathan\OneDrive\Documents\Github\keyboard\kb\kb.kicad_pcb
DEBUG: board_modifier.py:89: Footprint not found
DEBUG: key_placer.py:854: Placing additional elements for SW38
DEBUG: board_modifier.py:107: Getting SW38 footprint position: (57150000, 95250000)
DEBUG: board_modifier.py:84: Searching for optional ST38 footprint in C:\Users\Nathan\OneDrive\Documents\Github\keyboard\kb\kb.kicad_pcb
DEBUG: board_modifier.py:89: Footprint not found
DEBUG: key_placer.py:854: Placing additional elements for SW45
DEBUG: board_modifier.py:107: Getting SW45 footprint position: (247650000, 95250000)
DEBUG: board_modifier.py:84: Searching for optional ST45 footprint in C:\Users\Nathan\OneDrive\Documents\Github\keyboard\kb\kb.kicad_pcb
DEBUG: board_modifier.py:89: Footprint not found
DEBUG: key_placer.py:854: Placing additional elements for SW5
DEBUG: board_modifier.py:107: Getting SW5 footprint position: (119062500, 38100000)
DEBUG: board_modifier.py:84: Searching for optional ST5 footprint in C:\Users\Nathan\OneDrive\Documents\Github\keyboard\kb\kb.kicad_pcb
DEBUG: board_modifier.py:89: Footprint not found
DEBUG: key_placer.py:854: Placing additional elements for SW15
DEBUG: board_modifier.py:107: Getting SW15 footprint position: (85725000, 57150000)
DEBUG: board_modifier.py:84: Searching for optional ST15 footprint in C:\Users\Nathan\OneDrive\Documents\Github\keyboard\kb\kb.kicad_pcb
DEBUG: board_modifier.py:89: Footprint not found
DEBUG: key_placer.py:854: Placing additional elements for SW27
DEBUG: board_modifier.py:107: Getting SW27 footprint position: (95250000, 76200000)
DEBUG: board_modifier.py:84: Searching for optional ST27 footprint in C:\Users\Nathan\OneDrive\Documents\Github\keyboard\kb\kb.kicad_pcb
DEBUG: board_modifier.py:89: Footprint not found
DEBUG: key_placer.py:854: Placing additional elements for SW24
DEBUG: board_modifier.py:107: Getting SW24 footprint position: (261937500, 57150000)
DEBUG: board_modifier.py:84: Searching for optional ST24 footprint in C:\Users\Nathan\OneDrive\Documents\Github\keyboard\kb\kb.kicad_pcb
DEBUG: board_modifier.py:89: Footprint not found
DEBUG: key_placer.py:854: Placing additional elements for SW41
DEBUG: board_modifier.py:107: Getting SW41 footprint position: (142875000, 95250000)
DEBUG: board_modifier.py:84: Searching for optional ST41 footprint in C:\Users\Nathan\OneDrive\Documents\Github\keyboard\kb\kb.kicad_pcb
DEBUG: board_modifier.py:89: Footprint not found
DEBUG: key_placer.py:854: Placing additional elements for SW4
DEBUG: board_modifier.py:107: Getting SW4 footprint position: (100012500, 38100000)
DEBUG: board_modifier.py:84: Searching for optional ST4 footprint in C:\Users\Nathan\OneDrive\Documents\Github\keyboard\kb\kb.kicad_pcb
DEBUG: board_modifier.py:89: Footprint not found
DEBUG: key_placer.py:854: Placing additional elements for SW36
DEBUG: board_modifier.py:107: Getting SW36 footprint position: (266700000, 76200000)
DEBUG: board_modifier.py:84: Searching for optional ST36 footprint in C:\Users\Nathan\OneDrive\Documents\Github\keyboard\kb\kb.kicad_pcb
DEBUG: board_modifier.py:89: Footprint not found
DEBUG: key_placer.py:854: Placing additional elements for SW43
DEBUG: board_modifier.py:107: Getting SW43 footprint position: (207168750, 95250000)
DEBUG: board_modifier.py:84: Searching for optional ST43 footprint in C:\Users\Nathan\OneDrive\Documents\Github\keyboard\kb\kb.kicad_pcb
DEBUG: board_modifier.py:89: Footprint not found
DEBUG: key_placer.py:854: Placing additional elements for SW32
DEBUG: board_modifier.py:107: Getting SW32 footprint position: (190500000, 76200000)
DEBUG: board_modifier.py:84: Searching for optional ST32 footprint in C:\Users\Nathan\OneDrive\Documents\Github\keyboard\kb\kb.kicad_pcb
DEBUG: board_modifier.py:89: Footprint not found
DEBUG: key_placer.py:854: Placing additional elements for SW12
DEBUG: board_modifier.py:107: Getting SW12 footprint position: (259556250, 38100000)
DEBUG: board_modifier.py:84: Searching for optional ST12 footprint in C:\Users\Nathan\OneDrive\Documents\Github\keyboard\kb\kb.kicad_pcb
DEBUG: board_modifier.py:89: Footprint not found
DEBUG: key_placer.py:854: Placing additional elements for SW21
DEBUG: board_modifier.py:107: Getting SW21 footprint position: (200025000, 57150000)
DEBUG: board_modifier.py:84: Searching for optional ST21 footprint in C:\Users\Nathan\OneDrive\Documents\Github\keyboard\kb\kb.kicad_pcb
DEBUG: board_modifier.py:89: Footprint not found
DEBUG: key_placer.py:854: Placing additional elements for SW26
DEBUG: board_modifier.py:107: Getting SW26 footprint position: (76200000, 76200000)
DEBUG: board_modifier.py:84: Searching for optional ST26 footprint in C:\Users\Nathan\OneDrive\Documents\Github\keyboard\kb\kb.kicad_pcb
DEBUG: board_modifier.py:89: Footprint not found
DEBUG: key_placer.py:854: Placing additional elements for SW16
DEBUG: board_modifier.py:107: Getting SW16 footprint position: (104775000, 57150000)
DEBUG: board_modifier.py:84: Searching for optional ST16 footprint in C:\Users\Nathan\OneDrive\Documents\Github\keyboard\kb\kb.kicad_pcb
DEBUG: board_modifier.py:89: Footprint not found
DEBUG: key_placer.py:854: Placing additional elements for SW44
DEBUG: board_modifier.py:107: Getting SW44 footprint position: (228600000, 95250000)
DEBUG: board_modifier.py:84: Searching for optional ST44 footprint in C:\Users\Nathan\OneDrive\Documents\Github\keyboard\kb\kb.kicad_pcb
DEBUG: board_modifier.py:89: Footprint not found
DEBUG: key_placer.py:854: Placing additional elements for SW13
DEBUG: board_modifier.py:107: Getting SW13 footprint position: (40481250, 57150000)
DEBUG: board_modifier.py:84: Searching for optional ST13 footprint in C:\Users\Nathan\OneDrive\Documents\Github\keyboard\kb\kb.kicad_pcb
DEBUG: board_modifier.py:89: Footprint not found
DEBUG: key_placer.py:854: Placing additional elements for SW8
DEBUG: board_modifier.py:107: Getting SW8 footprint position: (176212500, 38100000)
DEBUG: board_modifier.py:84: Searching for optional ST8 footprint in C:\Users\Nathan\OneDrive\Documents\Github\keyboard\kb\kb.kicad_pcb
DEBUG: board_modifier.py:89: Footprint not found
DEBUG: key_placer.py:854: Placing additional elements for SW34
DEBUG: board_modifier.py:107: Getting SW34 footprint position: (228600000, 76200000)
DEBUG: board_modifier.py:84: Searching for optional ST34 footprint in C:\Users\Nathan\OneDrive\Documents\Github\keyboard\kb\kb.kicad_pcb
DEBUG: board_modifier.py:89: Footprint not found
DEBUG: key_placer.py:854: Placing additional elements for SW33
DEBUG: board_modifier.py:107: Getting SW33 footprint position: (209550000, 76200000)
DEBUG: board_modifier.py:84: Searching for optional ST33 footprint in C:\Users\Nathan\OneDrive\Documents\Github\keyboard\kb\kb.kicad_pcb
DEBUG: board_modifier.py:89: Footprint not found
DEBUG: key_placer.py:854: Placing additional elements for SW7
DEBUG: board_modifier.py:107: Getting SW7 footprint position: (157162500, 38100000)
DEBUG: board_modifier.py:84: Searching for optional ST7 footprint in C:\Users\Nathan\OneDrive\Documents\Github\keyboard\kb\kb.kicad_pcb
DEBUG: board_modifier.py:89: Footprint not found
DEBUG: key_placer.py:854: Placing additional elements for SW46
DEBUG: board_modifier.py:107: Getting SW46 footprint position: (266700000, 95250000)
DEBUG: board_modifier.py:84: Searching for optional ST46 footprint in C:\Users\Nathan\OneDrive\Documents\Github\keyboard\kb\kb.kicad_pcb
DEBUG: board_modifier.py:89: Footprint not found
DEBUG: key_placer.py:854: Placing additional elements for SW23
DEBUG: board_modifier.py:107: Getting SW23 footprint position: (238125000, 57150000)
DEBUG: board_modifier.py:84: Searching for optional ST23 footprint in C:\Users\Nathan\OneDrive\Documents\Github\keyboard\kb\kb.kicad_pcb
DEBUG: board_modifier.py:89: Footprint not found
DEBUG: key_placer.py:854: Placing additional elements for SW39
DEBUG: board_modifier.py:107: Getting SW39 footprint position: (78581250, 95250000)
DEBUG: board_modifier.py:84: Searching for optional ST39 footprint in C:\Users\Nathan\OneDrive\Documents\Github\keyboard\kb\kb.kicad_pcb
DEBUG: board_modifier.py:89: Footprint not found
DEBUG: key_placer.py:854: Placing additional elements for SW17
DEBUG: board_modifier.py:107: Getting SW17 footprint position: (123825000, 57150000)
DEBUG: board_modifier.py:84: Searching for optional ST17 footprint in C:\Users\Nathan\OneDrive\Documents\Github\keyboard\kb\kb.kicad_pcb
DEBUG: board_modifier.py:89: Footprint not found
DEBUG: key_placer.py:854: Placing additional elements for SW48
DEBUG: board_modifier.py:107: Getting SW48 footprint position: (148844000, 185801000)
DEBUG: board_modifier.py:84: Searching for optional ST48 footprint in C:\Users\Nathan\OneDrive\Documents\Github\keyboard\kb\kb.kicad_pcb
DEBUG: board_modifier.py:89: Footprint not found
DEBUG: key_placer.py:854: Placing additional elements for SW20
DEBUG: board_modifier.py:107: Getting SW20 footprint position: (180975000, 57150000)
DEBUG: board_modifier.py:84: Searching for optional ST20 footprint in C:\Users\Nathan\OneDrive\Documents\Github\keyboard\kb\kb.kicad_pcb
DEBUG: board_modifier.py:89: Footprint not found
DEBUG: key_placer.py:854: Placing additional elements for SW9
DEBUG: board_modifier.py:107: Getting SW9 footprint position: (195262500, 38100000)
DEBUG: board_modifier.py:84: Searching for optional ST9 footprint in C:\Users\Nathan\OneDrive\Documents\Github\keyboard\kb\kb.kicad_pcb
DEBUG: board_modifier.py:89: Footprint not found
DEBUG: key_placer.py:854: Placing additional elements for SW6
DEBUG: board_modifier.py:107: Getting SW6 footprint position: (138112500, 38100000)
DEBUG: board_modifier.py:84: Searching for optional ST6 footprint in C:\Users\Nathan\OneDrive\Documents\Github\keyboard\kb\kb.kicad_pcb
DEBUG: board_modifier.py:89: Footprint not found
DEBUG: key_placer.py:854: Placing additional elements for SW1
DEBUG: board_modifier.py:107: Getting SW1 footprint position: (38100000, 38100000)
DEBUG: board_modifier.py:84: Searching for optional ST1 footprint in C:\Users\Nathan\OneDrive\Documents\Github\keyboard\kb\kb.kicad_pcb
DEBUG: board_modifier.py:89: Footprint not found
DEBUG: key_placer.py:854: Placing additional elements for SW3
DEBUG: board_modifier.py:107: Getting SW3 footprint position: (80962500, 38100000)
DEBUG: board_modifier.py:84: Searching for optional ST3 footprint in C:\Users\Nathan\OneDrive\Documents\Github\keyboard\kb\kb.kicad_pcb
DEBUG: board_modifier.py:89: Footprint not found
DEBUG: key_placer.py:854: Placing additional elements for SW30
DEBUG: board_modifier.py:107: Getting SW30 footprint position: (152400000, 76200000)
DEBUG: board_modifier.py:84: Searching for optional ST30 footprint in C:\Users\Nathan\OneDrive\Documents\Github\keyboard\kb\kb.kicad_pcb
DEBUG: board_modifier.py:89: Footprint not found
DEBUG: key_placer.py:854: Placing additional elements for SW29
DEBUG: board_modifier.py:107: Getting SW29 footprint position: (133350000, 76200000)
DEBUG: board_modifier.py:84: Searching for optional ST29 footprint in C:\Users\Nathan\OneDrive\Documents\Github\keyboard\kb\kb.kicad_pcb
DEBUG: board_modifier.py:89: Footprint not found
DEBUG: key_placer.py:854: Placing additional elements for SW22
DEBUG: board_modifier.py:107: Getting SW22 footprint position: (219075000, 57150000)
DEBUG: board_modifier.py:84: Searching for optional ST22 footprint in C:\Users\Nathan\OneDrive\Documents\Github\keyboard\kb\kb.kicad_pcb
DEBUG: board_modifier.py:89: Footprint not found
DEBUG: key_placer.py:854: Placing additional elements for SW40
DEBUG: board_modifier.py:107: Getting SW40 footprint position: (111918750, 95250000)
DEBUG: board_modifier.py:84: Searching for optional ST40 footprint in C:\Users\Nathan\OneDrive\Documents\Github\keyboard\kb\kb.kicad_pcb
DEBUG: board_modifier.py:89: Footprint not found
DEBUG: key_placer.py:854: Placing additional elements for SW28
DEBUG: board_modifier.py:107: Getting SW28 footprint position: (114300000, 76200000)
DEBUG: board_modifier.py:84: Searching for optional ST28 footprint in C:\Users\Nathan\OneDrive\Documents\Github\keyboard\kb\kb.kicad_pcb
DEBUG: board_modifier.py:89: Footprint not found
DEBUG: key_placer.py:854: Placing additional elements for SW19
DEBUG: board_modifier.py:107: Getting SW19 footprint position: (161925000, 57150000)
DEBUG: board_modifier.py:84: Searching for optional ST19 footprint in C:\Users\Nathan\OneDrive\Documents\Github\keyboard\kb\kb.kicad_pcb
DEBUG: board_modifier.py:89: Footprint not found
DEBUG: key_placer.py:854: Placing additional elements for SW31
DEBUG: board_modifier.py:107: Getting SW31 footprint position: (171450000, 76200000)
DEBUG: board_modifier.py:84: Searching for optional ST31 footprint in C:\Users\Nathan\OneDrive\Documents\Github\keyboard\kb\kb.kicad_pcb
DEBUG: board_modifier.py:89: Footprint not found
DEBUG: key_placer.py:854: Placing additional elements for SW10
DEBUG: board_modifier.py:107: Getting SW10 footprint position: (214312500, 38100000)
DEBUG: board_modifier.py:84: Searching for optional ST10 footprint in C:\Users\Nathan\OneDrive\Documents\Github\keyboard\kb\kb.kicad_pcb
DEBUG: board_modifier.py:89: Footprint not found
DEBUG: key_placer.py:854: Placing additional elements for SW35
DEBUG: board_modifier.py:107: Getting SW35 footprint position: (247650000, 76200000)
DEBUG: board_modifier.py:84: Searching for optional ST35 footprint in C:\Users\Nathan\OneDrive\Documents\Github\keyboard\kb\kb.kicad_pcb
DEBUG: board_modifier.py:89: Footprint not found
DEBUG: key_placer.py:854: Placing additional elements for SW18
DEBUG: board_modifier.py:107: Getting SW18 footprint position: (142875000, 57150000)
DEBUG: board_modifier.py:84: Searching for optional ST18 footprint in C:\Users\Nathan\OneDrive\Documents\Github\keyboard\kb\kb.kicad_pcb
DEBUG: board_modifier.py:89: Footprint not found
DEBUG: key_placer.py:854: Placing additional elements for SW11
DEBUG: board_modifier.py:107: Getting SW11 footprint position: (233362500, 38100000)
DEBUG: board_modifier.py:84: Searching for optional ST11 footprint in C:\Users\Nathan\OneDrive\Documents\Github\keyboard\kb\kb.kicad_pcb
DEBUG: board_modifier.py:89: Footprint not found
DEBUG: key_placer.py:854: Placing additional elements for SW42
DEBUG: board_modifier.py:107: Getting SW42 footprint position: (173831250, 95250000)
DEBUG: board_modifier.py:84: Searching for optional ST42 footprint in C:\Users\Nathan\OneDrive\Documents\Github\keyboard\kb\kb.kicad_pcb
DEBUG: board_modifier.py:89: Footprint not found
DEBUG: key_placer.py:854: Placing additional elements for SW25
DEBUG: board_modifier.py:107: Getting SW25 footprint position: (45243750, 76200000)
DEBUG: board_modifier.py:84: Searching for optional ST25 footprint in C:\Users\Nathan\OneDrive\Documents\Github\keyboard\kb\kb.kicad_pcb
DEBUG: board_modifier.py:89: Footprint not found
DEBUG: key_placer.py:854: Placing additional elements for SW14
DEBUG: board_modifier.py:107: Getting SW14 footprint position: (66675000, 57150000)
DEBUG: board_modifier.py:84: Searching for optional ST14 footprint in C:\Users\Nathan\OneDrive\Documents\Github\keyboard\kb\kb.kicad_pcb
DEBUG: board_modifier.py:89: Footprint not found
INFO: key_placer.py:486: Routing SW2 with D2
INFO: key_placer.py:488: Using internal autorouter method
DEBUG: board_modifier.py:541: Routing at B.Cu layer
DEBUG: board_modifier.py:558: Netclass: Default, track width: 200000
DEBUG: board_modifier.py:620: Routing pad 'SW2:2' at (64452500, 33020000) with pad 'D2:2' at (66992500, 40810000) using coordinate system rotated by 0 degree(s)
INFO: board_modifier.py:464: Adding track segment (B.Cu): [(64452500, 33020000), (64452500, 38270000)]
INFO: board_modifier.py:469: Track added
INFO: board_modifier.py:464: Adding track segment (B.Cu): [(64452500, 38270000), (66992500, 40810000)]
INFO: board_modifier.py:469: Track added
INFO: key_placer.py:486: Routing SW37 with D37
INFO: key_placer.py:488: Using internal autorouter method
DEBUG: board_modifier.py:541: Routing at B.Cu layer
DEBUG: board_modifier.py:558: Netclass: Default, track width: 200000
DEBUG: board_modifier.py:620: Routing pad 'SW37:2' at (38258750, 90170000) with pad 'D37:2' at (40798750, 97960000) using coordinate system rotated by 0 degree(s)
INFO: board_modifier.py:464: Adding track segment (B.Cu): [(38258750, 90170000), (38258750, 95420000)]
INFO: board_modifier.py:469: Track added
INFO: board_modifier.py:464: Adding track segment (B.Cu): [(38258750, 95420000), (40798750, 97960000)]
INFO: board_modifier.py:469: Track added
INFO: key_placer.py:486: Routing SW38 with D38
INFO: key_placer.py:488: Using internal autorouter method
DEBUG: board_modifier.py:541: Routing at B.Cu layer
DEBUG: board_modifier.py:558: Netclass: Default, track width: 200000
DEBUG: board_modifier.py:620: Routing pad 'SW38:2' at (59690000, 90170000) with pad 'D38:2' at (62230000, 97960000) using coordinate system rotated by 0 degree(s)
INFO: board_modifier.py:464: Adding track segment (B.Cu): [(59690000, 90170000), (59690000, 95420000)]
INFO: board_modifier.py:469: Track added
INFO: board_modifier.py:464: Adding track segment (B.Cu): [(59690000, 95420000), (62230000, 97960000)]
INFO: board_modifier.py:469: Track added
INFO: key_placer.py:486: Routing SW45 with D45
INFO: key_placer.py:488: Using internal autorouter method
DEBUG: board_modifier.py:541: Routing at B.Cu layer
DEBUG: board_modifier.py:558: Netclass: Default, track width: 200000
DEBUG: board_modifier.py:620: Routing pad 'SW45:2' at (250190000, 90170000) with pad 'D45:2' at (252730000, 97960000) using coordinate system rotated by 0 degree(s)
INFO: board_modifier.py:464: Adding track segment (B.Cu): [(250190000, 90170000), (250190000, 95420000)]
INFO: board_modifier.py:469: Track added
INFO: board_modifier.py:464: Adding track segment (B.Cu): [(250190000, 95420000), (252730000, 97960000)]
INFO: board_modifier.py:469: Track added
INFO: key_placer.py:486: Routing SW5 with D5
INFO: key_placer.py:488: Using internal autorouter method
DEBUG: board_modifier.py:541: Routing at B.Cu layer
DEBUG: board_modifier.py:558: Netclass: Default, track width: 200000
DEBUG: board_modifier.py:620: Routing pad 'SW5:2' at (121602500, 33020000) with pad 'D5:2' at (124142500, 40810000) using coordinate system rotated by 0 degree(s)
INFO: board_modifier.py:464: Adding track segment (B.Cu): [(121602500, 33020000), (121602500, 38270000)]
INFO: board_modifier.py:469: Track added
INFO: board_modifier.py:464: Adding track segment (B.Cu): [(121602500, 38270000), (124142500, 40810000)]
INFO: board_modifier.py:469: Track added
INFO: key_placer.py:486: Routing SW15 with D15
INFO: key_placer.py:488: Using internal autorouter method
DEBUG: board_modifier.py:541: Routing at B.Cu layer
DEBUG: board_modifier.py:558: Netclass: Default, track width: 200000
DEBUG: board_modifier.py:620: Routing pad 'SW15:2' at (88265000, 52070000) with pad 'D15:2' at (90805000, 59860000) using coordinate system rotated by 0 degree(s)
INFO: board_modifier.py:464: Adding track segment (B.Cu): [(88265000, 52070000), (88265000, 57320000)]
INFO: board_modifier.py:469: Track added
INFO: board_modifier.py:464: Adding track segment (B.Cu): [(88265000, 57320000), (90805000, 59860000)]
INFO: board_modifier.py:469: Track added
INFO: key_placer.py:486: Routing SW27 with D27
INFO: key_placer.py:488: Using internal autorouter method
DEBUG: board_modifier.py:541: Routing at B.Cu layer
DEBUG: board_modifier.py:558: Netclass: Default, track width: 200000
DEBUG: board_modifier.py:620: Routing pad 'SW27:2' at (97790000, 71120000) with pad 'D27:2' at (100330000, 78910000) using coordinate system rotated by 0 degree(s)
INFO: board_modifier.py:464: Adding track segment (B.Cu): [(97790000, 71120000), (97790000, 76370000)]
INFO: board_modifier.py:469: Track added
INFO: board_modifier.py:464: Adding track segment (B.Cu): [(97790000, 76370000), (100330000, 78910000)]
INFO: board_modifier.py:469: Track added
INFO: key_placer.py:486: Routing SW24 with D24
INFO: key_placer.py:488: Using internal autorouter method
DEBUG: board_modifier.py:541: Routing at B.Cu layer
DEBUG: board_modifier.py:558: Netclass: Default, track width: 200000
DEBUG: board_modifier.py:620: Routing pad 'SW24:2' at (264477500, 52070000) with pad 'D24:2' at (267017500, 59860000) using coordinate system rotated by 0 degree(s)
INFO: board_modifier.py:464: Adding track segment (B.Cu): [(264477500, 52070000), (264477500, 57320000)]
INFO: board_modifier.py:469: Track added
INFO: board_modifier.py:464: Adding track segment (B.Cu): [(264477500, 57320000), (267017500, 59860000)]
INFO: board_modifier.py:469: Track added
INFO: key_placer.py:486: Routing SW41 with D41
INFO: key_placer.py:488: Using internal autorouter method
DEBUG: board_modifier.py:541: Routing at B.Cu layer
DEBUG: board_modifier.py:558: Netclass: Default, track width: 200000
DEBUG: board_modifier.py:620: Routing pad 'SW41:2' at (145415000, 90170000) with pad 'D41:2' at (147955000, 97960000) using coordinate system rotated by 0 degree(s)
INFO: board_modifier.py:464: Adding track segment (B.Cu): [(145415000, 90170000), (145415000, 95420000)]
INFO: board_modifier.py:469: Track added
INFO: board_modifier.py:464: Adding track segment (B.Cu): [(145415000, 95420000), (147955000, 97960000)]
INFO: board_modifier.py:469: Track added
INFO: key_placer.py:486: Routing SW4 with D4
INFO: key_placer.py:488: Using internal autorouter method
DEBUG: board_modifier.py:541: Routing at B.Cu layer
DEBUG: board_modifier.py:558: Netclass: Default, track width: 200000
DEBUG: board_modifier.py:620: Routing pad 'SW4:2' at (102552500, 33020000) with pad 'D4:2' at (105092500, 40810000) using coordinate system rotated by 0 degree(s)
INFO: board_modifier.py:464: Adding track segment (B.Cu): [(102552500, 33020000), (102552500, 38270000)]
INFO: board_modifier.py:469: Track added
INFO: board_modifier.py:464: Adding track segment (B.Cu): [(102552500, 38270000), (105092500, 40810000)]
INFO: board_modifier.py:469: Track added
INFO: key_placer.py:486: Routing SW36 with D36
INFO: key_placer.py:488: Using internal autorouter method
DEBUG: board_modifier.py:541: Routing at B.Cu layer
DEBUG: board_modifier.py:558: Netclass: Default, track width: 200000
DEBUG: board_modifier.py:620: Routing pad 'SW36:2' at (269240000, 71120000) with pad 'D36:2' at (271780000, 78910000) using coordinate system rotated by 0 degree(s)
INFO: board_modifier.py:464: Adding track segment (B.Cu): [(269240000, 71120000), (269240000, 76370000)]
INFO: board_modifier.py:469: Track added
INFO: board_modifier.py:464: Adding track segment (B.Cu): [(269240000, 76370000), (271780000, 78910000)]
INFO: board_modifier.py:469: Track added
INFO: key_placer.py:486: Routing SW43 with D43
INFO: key_placer.py:488: Using internal autorouter method
DEBUG: board_modifier.py:541: Routing at B.Cu layer
DEBUG: board_modifier.py:558: Netclass: Default, track width: 200000
DEBUG: board_modifier.py:620: Routing pad 'SW43:2' at (209708750, 90170000) with pad 'D43:2' at (212248750, 97960000) using coordinate system rotated by 0 degree(s)
INFO: board_modifier.py:464: Adding track segment (B.Cu): [(209708750, 90170000), (209708750, 95420000)]
INFO: board_modifier.py:469: Track added
INFO: board_modifier.py:464: Adding track segment (B.Cu): [(209708750, 95420000), (212248750, 97960000)]
INFO: board_modifier.py:469: Track added
INFO: key_placer.py:486: Routing SW32 with D32
INFO: key_placer.py:488: Using internal autorouter method
DEBUG: board_modifier.py:541: Routing at B.Cu layer
DEBUG: board_modifier.py:558: Netclass: Default, track width: 200000
DEBUG: board_modifier.py:620: Routing pad 'SW32:2' at (193040000, 71120000) with pad 'D32:2' at (195580000, 78910000) using coordinate system rotated by 0 degree(s)
INFO: board_modifier.py:464: Adding track segment (B.Cu): [(193040000, 71120000), (193040000, 76370000)]
INFO: board_modifier.py:469: Track added
INFO: board_modifier.py:464: Adding track segment (B.Cu): [(193040000, 76370000), (195580000, 78910000)]
INFO: board_modifier.py:469: Track added
INFO: key_placer.py:486: Routing SW12 with D12
INFO: key_placer.py:488: Using internal autorouter method
DEBUG: board_modifier.py:541: Routing at B.Cu layer
DEBUG: board_modifier.py:558: Netclass: Default, track width: 200000
DEBUG: board_modifier.py:620: Routing pad 'SW12:2' at (262096250, 33020000) with pad 'D12:2' at (264636250, 40810000) using coordinate system rotated by 0 degree(s)
INFO: board_modifier.py:464: Adding track segment (B.Cu): [(262096250, 33020000), (262096250, 38270000)]
INFO: board_modifier.py:469: Track added
INFO: board_modifier.py:464: Adding track segment (B.Cu): [(262096250, 38270000), (264636250, 40810000)]
INFO: board_modifier.py:469: Track added
INFO: key_placer.py:486: Routing SW21 with D21
INFO: key_placer.py:488: Using internal autorouter method
DEBUG: board_modifier.py:541: Routing at B.Cu layer
DEBUG: board_modifier.py:558: Netclass: Default, track width: 200000
DEBUG: board_modifier.py:620: Routing pad 'SW21:2' at (202565000, 52070000) with pad 'D21:2' at (205105000, 59860000) using coordinate system rotated by 0 degree(s)
INFO: board_modifier.py:464: Adding track segment (B.Cu): [(202565000, 52070000), (202565000, 57320000)]
INFO: board_modifier.py:469: Track added
INFO: board_modifier.py:464: Adding track segment (B.Cu): [(202565000, 57320000), (205105000, 59860000)]
INFO: board_modifier.py:469: Track added
INFO: key_placer.py:486: Routing SW26 with D26
INFO: key_placer.py:488: Using internal autorouter method
DEBUG: board_modifier.py:541: Routing at B.Cu layer
DEBUG: board_modifier.py:558: Netclass: Default, track width: 200000
DEBUG: board_modifier.py:620: Routing pad 'SW26:2' at (78740000, 71120000) with pad 'D26:2' at (81280000, 78910000) using coordinate system rotated by 0 degree(s)
INFO: board_modifier.py:464: Adding track segment (B.Cu): [(78740000, 71120000), (78740000, 76370000)]
INFO: board_modifier.py:469: Track added
INFO: board_modifier.py:464: Adding track segment (B.Cu): [(78740000, 76370000), (81280000, 78910000)]
INFO: board_modifier.py:469: Track added
INFO: key_placer.py:486: Routing SW16 with D16
INFO: key_placer.py:488: Using internal autorouter method
DEBUG: board_modifier.py:541: Routing at B.Cu layer
DEBUG: board_modifier.py:558: Netclass: Default, track width: 200000
DEBUG: board_modifier.py:620: Routing pad 'SW16:2' at (107315000, 52070000) with pad 'D16:2' at (109855000, 59860000) using coordinate system rotated by 0 degree(s)
INFO: board_modifier.py:464: Adding track segment (B.Cu): [(107315000, 52070000), (107315000, 57320000)]
INFO: board_modifier.py:469: Track added
INFO: board_modifier.py:464: Adding track segment (B.Cu): [(107315000, 57320000), (109855000, 59860000)]
INFO: board_modifier.py:469: Track added
INFO: key_placer.py:486: Routing SW44 with D44
INFO: key_placer.py:488: Using internal autorouter method
DEBUG: board_modifier.py:541: Routing at B.Cu layer
DEBUG: board_modifier.py:558: Netclass: Default, track width: 200000
DEBUG: board_modifier.py:620: Routing pad 'SW44:2' at (231140000, 90170000) with pad 'D44:2' at (233680000, 97960000) using coordinate system rotated by 0 degree(s)
INFO: board_modifier.py:464: Adding track segment (B.Cu): [(231140000, 90170000), (231140000, 95420000)]
INFO: board_modifier.py:469: Track added
INFO: board_modifier.py:464: Adding track segment (B.Cu): [(231140000, 95420000), (233680000, 97960000)]
INFO: board_modifier.py:469: Track added
INFO: key_placer.py:486: Routing SW13 with D13
INFO: key_placer.py:488: Using internal autorouter method
DEBUG: board_modifier.py:541: Routing at B.Cu layer
DEBUG: board_modifier.py:558: Netclass: Default, track width: 200000
DEBUG: board_modifier.py:620: Routing pad 'SW13:2' at (43021250, 52070000) with pad 'D13:2' at (45561250, 59860000) using coordinate system rotated by 0 degree(s)
INFO: board_modifier.py:464: Adding track segment (B.Cu): [(43021250, 52070000), (43021250, 57320000)]
INFO: board_modifier.py:469: Track added
INFO: board_modifier.py:464: Adding track segment (B.Cu): [(43021250, 57320000), (45561250, 59860000)]
INFO: board_modifier.py:469: Track added
INFO: key_placer.py:486: Routing SW8 with D8
INFO: key_placer.py:488: Using internal autorouter method
DEBUG: board_modifier.py:541: Routing at B.Cu layer
DEBUG: board_modifier.py:558: Netclass: Default, track width: 200000
DEBUG: board_modifier.py:620: Routing pad 'SW8:2' at (178752500, 33020000) with pad 'D8:2' at (181292500, 40810000) using coordinate system rotated by 0 degree(s)
INFO: board_modifier.py:464: Adding track segment (B.Cu): [(178752500, 33020000), (178752500, 38270000)]
INFO: board_modifier.py:469: Track added
INFO: board_modifier.py:464: Adding track segment (B.Cu): [(178752500, 38270000), (181292500, 40810000)]
INFO: board_modifier.py:469: Track added
INFO: key_placer.py:486: Routing SW34 with D34
INFO: key_placer.py:488: Using internal autorouter method
DEBUG: board_modifier.py:541: Routing at B.Cu layer
DEBUG: board_modifier.py:558: Netclass: Default, track width: 200000
DEBUG: board_modifier.py:620: Routing pad 'SW34:2' at (231140000, 71120000) with pad 'D34:2' at (233680000, 78910000) using coordinate system rotated by 0 degree(s)
INFO: board_modifier.py:464: Adding track segment (B.Cu): [(231140000, 71120000), (231140000, 76370000)]
INFO: board_modifier.py:469: Track added
INFO: board_modifier.py:464: Adding track segment (B.Cu): [(231140000, 76370000), (233680000, 78910000)]
INFO: board_modifier.py:469: Track added
INFO: key_placer.py:486: Routing SW33 with D33
INFO: key_placer.py:488: Using internal autorouter method
DEBUG: board_modifier.py:541: Routing at B.Cu layer
DEBUG: board_modifier.py:558: Netclass: Default, track width: 200000
DEBUG: board_modifier.py:620: Routing pad 'SW33:2' at (212090000, 71120000) with pad 'D33:2' at (214630000, 78910000) using coordinate system rotated by 0 degree(s)
INFO: board_modifier.py:464: Adding track segment (B.Cu): [(212090000, 71120000), (212090000, 76370000)]
INFO: board_modifier.py:469: Track added
INFO: board_modifier.py:464: Adding track segment (B.Cu): [(212090000, 76370000), (214630000, 78910000)]
INFO: board_modifier.py:469: Track added
INFO: key_placer.py:486: Routing SW7 with D7
INFO: key_placer.py:488: Using internal autorouter method
DEBUG: board_modifier.py:541: Routing at B.Cu layer
DEBUG: board_modifier.py:558: Netclass: Default, track width: 200000
DEBUG: board_modifier.py:620: Routing pad 'SW7:2' at (159702500, 33020000) with pad 'D7:2' at (162242500, 40810000) using coordinate system rotated by 0 degree(s)
INFO: board_modifier.py:464: Adding track segment (B.Cu): [(159702500, 33020000), (159702500, 38270000)]
INFO: board_modifier.py:469: Track added
INFO: board_modifier.py:464: Adding track segment (B.Cu): [(159702500, 38270000), (162242500, 40810000)]
INFO: board_modifier.py:469: Track added
INFO: key_placer.py:486: Routing SW46 with D46
INFO: key_placer.py:488: Using internal autorouter method
DEBUG: board_modifier.py:541: Routing at B.Cu layer
DEBUG: board_modifier.py:558: Netclass: Default, track width: 200000
DEBUG: board_modifier.py:620: Routing pad 'SW46:2' at (269240000, 90170000) with pad 'D46:2' at (271780000, 97960000) using coordinate system rotated by 0 degree(s)
INFO: board_modifier.py:464: Adding track segment (B.Cu): [(269240000, 90170000), (269240000, 95420000)]
INFO: board_modifier.py:469: Track added
INFO: board_modifier.py:464: Adding track segment (B.Cu): [(269240000, 95420000), (271780000, 97960000)]
INFO: board_modifier.py:469: Track added
INFO: key_placer.py:486: Routing SW23 with D23
INFO: key_placer.py:488: Using internal autorouter method
DEBUG: board_modifier.py:541: Routing at B.Cu layer
DEBUG: board_modifier.py:558: Netclass: Default, track width: 200000
DEBUG: board_modifier.py:620: Routing pad 'SW23:2' at (240665000, 52070000) with pad 'D23:2' at (243205000, 59860000) using coordinate system rotated by 0 degree(s)
INFO: board_modifier.py:464: Adding track segment (B.Cu): [(240665000, 52070000), (240665000, 57320000)]
INFO: board_modifier.py:469: Track added
INFO: board_modifier.py:464: Adding track segment (B.Cu): [(240665000, 57320000), (243205000, 59860000)]
INFO: board_modifier.py:469: Track added
INFO: key_placer.py:486: Routing SW39 with D39
INFO: key_placer.py:488: Using internal autorouter method
DEBUG: board_modifier.py:541: Routing at B.Cu layer
DEBUG: board_modifier.py:558: Netclass: Default, track width: 200000
DEBUG: board_modifier.py:620: Routing pad 'SW39:2' at (81121250, 90170000) with pad 'D39:2' at (83661250, 97960000) using coordinate system rotated by 0 degree(s)
INFO: board_modifier.py:464: Adding track segment (B.Cu): [(81121250, 90170000), (81121250, 95420000)]
INFO: board_modifier.py:469: Track added
INFO: board_modifier.py:464: Adding track segment (B.Cu): [(81121250, 95420000), (83661250, 97960000)]
INFO: board_modifier.py:469: Track added
INFO: key_placer.py:486: Routing SW17 with D17
INFO: key_placer.py:488: Using internal autorouter method
DEBUG: board_modifier.py:541: Routing at B.Cu layer
DEBUG: board_modifier.py:558: Netclass: Default, track width: 200000
DEBUG: board_modifier.py:620: Routing pad 'SW17:2' at (126365000, 52070000) with pad 'D17:2' at (128905000, 59860000) using coordinate system rotated by 0 degree(s)
INFO: board_modifier.py:464: Adding track segment (B.Cu): [(126365000, 52070000), (126365000, 57320000)]
INFO: board_modifier.py:469: Track added
INFO: board_modifier.py:464: Adding track segment (B.Cu): [(126365000, 57320000), (128905000, 59860000)]
INFO: board_modifier.py:469: Track added
INFO: key_placer.py:486: Routing SW20 with D20
INFO: key_placer.py:488: Using internal autorouter method
DEBUG: board_modifier.py:541: Routing at B.Cu layer
DEBUG: board_modifier.py:558: Netclass: Default, track width: 200000
DEBUG: board_modifier.py:620: Routing pad 'SW20:2' at (183515000, 52070000) with pad 'D20:2' at (186055000, 59860000) using coordinate system rotated by 0 degree(s)
INFO: board_modifier.py:464: Adding track segment (B.Cu): [(183515000, 52070000), (183515000, 57320000)]
INFO: board_modifier.py:469: Track added
INFO: board_modifier.py:464: Adding track segment (B.Cu): [(183515000, 57320000), (186055000, 59860000)]
INFO: board_modifier.py:469: Track added
INFO: key_placer.py:486: Routing SW9 with D9
INFO: key_placer.py:488: Using internal autorouter method
DEBUG: board_modifier.py:541: Routing at B.Cu layer
DEBUG: board_modifier.py:558: Netclass: Default, track width: 200000
DEBUG: board_modifier.py:620: Routing pad 'SW9:2' at (197802500, 33020000) with pad 'D9:2' at (200342500, 40810000) using coordinate system rotated by 0 degree(s)
INFO: board_modifier.py:464: Adding track segment (B.Cu): [(197802500, 33020000), (197802500, 38270000)]
INFO: board_modifier.py:469: Track added
INFO: board_modifier.py:464: Adding track segment (B.Cu): [(197802500, 38270000), (200342500, 40810000)]
INFO: board_modifier.py:469: Track added
INFO: key_placer.py:486: Routing SW6 with D6
INFO: key_placer.py:488: Using internal autorouter method
DEBUG: board_modifier.py:541: Routing at B.Cu layer
DEBUG: board_modifier.py:558: Netclass: Default, track width: 200000
DEBUG: board_modifier.py:620: Routing pad 'SW6:2' at (140652500, 33020000) with pad 'D6:2' at (143192500, 40810000) using coordinate system rotated by 0 degree(s)
INFO: board_modifier.py:464: Adding track segment (B.Cu): [(140652500, 33020000), (140652500, 38270000)]
INFO: board_modifier.py:469: Track added
INFO: board_modifier.py:464: Adding track segment (B.Cu): [(140652500, 38270000), (143192500, 40810000)]
INFO: board_modifier.py:469: Track added
INFO: key_placer.py:486: Routing SW1 with D1
INFO: key_placer.py:488: Using internal autorouter method
DEBUG: board_modifier.py:541: Routing at B.Cu layer
DEBUG: board_modifier.py:558: Netclass: Default, track width: 200000
DEBUG: board_modifier.py:620: Routing pad 'SW1:2' at (40640000, 33020000) with pad 'D1:2' at (43180000, 40810000) using coordinate system rotated by 0 degree(s)
INFO: board_modifier.py:464: Adding track segment (B.Cu): [(40640000, 33020000), (40640000, 38270000)]
INFO: board_modifier.py:469: Track added
INFO: board_modifier.py:464: Adding track segment (B.Cu): [(40640000, 38270000), (43180000, 40810000)]
INFO: board_modifier.py:469: Track added
INFO: key_placer.py:486: Routing SW3 with D3
INFO: key_placer.py:488: Using internal autorouter method
DEBUG: board_modifier.py:541: Routing at B.Cu layer
DEBUG: board_modifier.py:558: Netclass: Default, track width: 200000
DEBUG: board_modifier.py:620: Routing pad 'SW3:2' at (83502500, 33020000) with pad 'D3:2' at (86042500, 40810000) using coordinate system rotated by 0 degree(s)
INFO: board_modifier.py:464: Adding track segment (B.Cu): [(83502500, 33020000), (83502500, 38270000)]
INFO: board_modifier.py:469: Track added
INFO: board_modifier.py:464: Adding track segment (B.Cu): [(83502500, 38270000), (86042500, 40810000)]
INFO: board_modifier.py:469: Track added
INFO: key_placer.py:486: Routing SW30 with D30
INFO: key_placer.py:488: Using internal autorouter method
DEBUG: board_modifier.py:541: Routing at B.Cu layer
DEBUG: board_modifier.py:558: Netclass: Default, track width: 200000
DEBUG: board_modifier.py:620: Routing pad 'SW30:2' at (154940000, 71120000) with pad 'D30:2' at (157480000, 78910000) using coordinate system rotated by 0 degree(s)
INFO: board_modifier.py:464: Adding track segment (B.Cu): [(154940000, 71120000), (154940000, 76370000)]
INFO: board_modifier.py:469: Track added
INFO: board_modifier.py:464: Adding track segment (B.Cu): [(154940000, 76370000), (157480000, 78910000)]
INFO: board_modifier.py:469: Track added
INFO: key_placer.py:486: Routing SW29 with D29
INFO: key_placer.py:488: Using internal autorouter method
DEBUG: board_modifier.py:541: Routing at B.Cu layer
DEBUG: board_modifier.py:558: Netclass: Default, track width: 200000
DEBUG: board_modifier.py:620: Routing pad 'SW29:2' at (135890000, 71120000) with pad 'D29:2' at (138430000, 78910000) using coordinate system rotated by 0 degree(s)
INFO: board_modifier.py:464: Adding track segment (B.Cu): [(135890000, 71120000), (135890000, 76370000)]
INFO: board_modifier.py:469: Track added
INFO: board_modifier.py:464: Adding track segment (B.Cu): [(135890000, 76370000), (138430000, 78910000)]
INFO: board_modifier.py:469: Track added
INFO: key_placer.py:486: Routing SW22 with D22
INFO: key_placer.py:488: Using internal autorouter method
DEBUG: board_modifier.py:541: Routing at B.Cu layer
DEBUG: board_modifier.py:558: Netclass: Default, track width: 200000
DEBUG: board_modifier.py:620: Routing pad 'SW22:2' at (221615000, 52070000) with pad 'D22:2' at (224155000, 59860000) using coordinate system rotated by 0 degree(s)
INFO: board_modifier.py:464: Adding track segment (B.Cu): [(221615000, 52070000), (221615000, 57320000)]
INFO: board_modifier.py:469: Track added
INFO: board_modifier.py:464: Adding track segment (B.Cu): [(221615000, 57320000), (224155000, 59860000)]
INFO: board_modifier.py:469: Track added
INFO: key_placer.py:486: Routing SW40 with D40
INFO: key_placer.py:488: Using internal autorouter method
DEBUG: board_modifier.py:541: Routing at B.Cu layer
DEBUG: board_modifier.py:558: Netclass: Default, track width: 200000
DEBUG: board_modifier.py:620: Routing pad 'SW40:2' at (114458750, 90170000) with pad 'D40:2' at (116998750, 97960000) using coordinate system rotated by 0 degree(s)
INFO: board_modifier.py:464: Adding track segment (B.Cu): [(114458750, 90170000), (114458750, 95420000)]
INFO: board_modifier.py:469: Track added
INFO: board_modifier.py:464: Adding track segment (B.Cu): [(114458750, 95420000), (116998750, 97960000)]
INFO: board_modifier.py:469: Track added
INFO: key_placer.py:486: Routing SW28 with D28
INFO: key_placer.py:488: Using internal autorouter method
DEBUG: board_modifier.py:541: Routing at B.Cu layer
DEBUG: board_modifier.py:558: Netclass: Default, track width: 200000
DEBUG: board_modifier.py:620: Routing pad 'SW28:2' at (116840000, 71120000) with pad 'D28:2' at (119380000, 78910000) using coordinate system rotated by 0 degree(s)
INFO: board_modifier.py:464: Adding track segment (B.Cu): [(116840000, 71120000), (116840000, 76370000)]
INFO: board_modifier.py:469: Track added
INFO: board_modifier.py:464: Adding track segment (B.Cu): [(116840000, 76370000), (119380000, 78910000)]
INFO: board_modifier.py:469: Track added
INFO: key_placer.py:486: Routing SW19 with D19
INFO: key_placer.py:488: Using internal autorouter method
DEBUG: board_modifier.py:541: Routing at B.Cu layer
DEBUG: board_modifier.py:558: Netclass: Default, track width: 200000
DEBUG: board_modifier.py:620: Routing pad 'SW19:2' at (164465000, 52070000) with pad 'D19:2' at (167005000, 59860000) using coordinate system rotated by 0 degree(s)
INFO: board_modifier.py:464: Adding track segment (B.Cu): [(164465000, 52070000), (164465000, 57320000)]
INFO: board_modifier.py:469: Track added
INFO: board_modifier.py:464: Adding track segment (B.Cu): [(164465000, 57320000), (167005000, 59860000)]
INFO: board_modifier.py:469: Track added
INFO: key_placer.py:486: Routing SW31 with D31
INFO: key_placer.py:488: Using internal autorouter method
DEBUG: board_modifier.py:541: Routing at B.Cu layer
DEBUG: board_modifier.py:558: Netclass: Default, track width: 200000
DEBUG: board_modifier.py:620: Routing pad 'SW31:2' at (173990000, 71120000) with pad 'D31:2' at (176530000, 78910000) using coordinate system rotated by 0 degree(s)
INFO: board_modifier.py:464: Adding track segment (B.Cu): [(173990000, 71120000), (173990000, 76370000)]
INFO: board_modifier.py:469: Track added
INFO: board_modifier.py:464: Adding track segment (B.Cu): [(173990000, 76370000), (176530000, 78910000)]
INFO: board_modifier.py:469: Track added
INFO: key_placer.py:486: Routing SW10 with D10
INFO: key_placer.py:488: Using internal autorouter method
DEBUG: board_modifier.py:541: Routing at B.Cu layer
DEBUG: board_modifier.py:558: Netclass: Default, track width: 200000
DEBUG: board_modifier.py:620: Routing pad 'SW10:2' at (216852500, 33020000) with pad 'D10:2' at (219392500, 40810000) using coordinate system rotated by 0 degree(s)
INFO: board_modifier.py:464: Adding track segment (B.Cu): [(216852500, 33020000), (216852500, 38270000)]
INFO: board_modifier.py:469: Track added
INFO: board_modifier.py:464: Adding track segment (B.Cu): [(216852500, 38270000), (219392500, 40810000)]
INFO: board_modifier.py:469: Track added
INFO: key_placer.py:486: Routing SW35 with D35
INFO: key_placer.py:488: Using internal autorouter method
DEBUG: board_modifier.py:541: Routing at B.Cu layer
DEBUG: board_modifier.py:558: Netclass: Default, track width: 200000
DEBUG: board_modifier.py:620: Routing pad 'SW35:2' at (250190000, 71120000) with pad 'D35:2' at (252730000, 78910000) using coordinate system rotated by 0 degree(s)
INFO: board_modifier.py:464: Adding track segment (B.Cu): [(250190000, 71120000), (250190000, 76370000)]
INFO: board_modifier.py:469: Track added
INFO: board_modifier.py:464: Adding track segment (B.Cu): [(250190000, 76370000), (252730000, 78910000)]
INFO: board_modifier.py:469: Track added
INFO: key_placer.py:486: Routing SW18 with D18
INFO: key_placer.py:488: Using internal autorouter method
DEBUG: board_modifier.py:541: Routing at B.Cu layer
DEBUG: board_modifier.py:558: Netclass: Default, track width: 200000
DEBUG: board_modifier.py:620: Routing pad 'SW18:2' at (145415000, 52070000) with pad 'D18:2' at (147955000, 59860000) using coordinate system rotated by 0 degree(s)
INFO: board_modifier.py:464: Adding track segment (B.Cu): [(145415000, 52070000), (145415000, 57320000)]
INFO: board_modifier.py:469: Track added
INFO: board_modifier.py:464: Adding track segment (B.Cu): [(145415000, 57320000), (147955000, 59860000)]
INFO: board_modifier.py:469: Track added
INFO: key_placer.py:486: Routing SW11 with D11
INFO: key_placer.py:488: Using internal autorouter method
DEBUG: board_modifier.py:541: Routing at B.Cu layer
DEBUG: board_modifier.py:558: Netclass: Default, track width: 200000
DEBUG: board_modifier.py:620: Routing pad 'SW11:2' at (235902500, 33020000) with pad 'D11:2' at (238442500, 40810000) using coordinate system rotated by 0 degree(s)
INFO: board_modifier.py:464: Adding track segment (B.Cu): [(235902500, 33020000), (235902500, 38270000)]
INFO: board_modifier.py:469: Track added
INFO: board_modifier.py:464: Adding track segment (B.Cu): [(235902500, 38270000), (238442500, 40810000)]
INFO: board_modifier.py:469: Track added
INFO: key_placer.py:486: Routing SW42 with D42
INFO: key_placer.py:488: Using internal autorouter method
DEBUG: board_modifier.py:541: Routing at B.Cu layer
DEBUG: board_modifier.py:558: Netclass: Default, track width: 200000
DEBUG: board_modifier.py:620: Routing pad 'SW42:2' at (176371250, 90170000) with pad 'D42:2' at (178911250, 97960000) using coordinate system rotated by 0 degree(s)
INFO: board_modifier.py:464: Adding track segment (B.Cu): [(176371250, 90170000), (176371250, 95420000)]
INFO: board_modifier.py:469: Track added
INFO: board_modifier.py:464: Adding track segment (B.Cu): [(176371250, 95420000), (178911250, 97960000)]
INFO: board_modifier.py:469: Track added
INFO: key_placer.py:486: Routing SW25 with D25
INFO: key_placer.py:488: Using internal autorouter method
DEBUG: board_modifier.py:541: Routing at B.Cu layer
DEBUG: board_modifier.py:558: Netclass: Default, track width: 200000
DEBUG: board_modifier.py:620: Routing pad 'SW25:2' at (47783750, 71120000) with pad 'D25:2' at (50323750, 78910000) using coordinate system rotated by 0 degree(s)
INFO: board_modifier.py:464: Adding track segment (B.Cu): [(47783750, 71120000), (47783750, 76370000)]
INFO: board_modifier.py:469: Track added
INFO: board_modifier.py:464: Adding track segment (B.Cu): [(47783750, 76370000), (50323750, 78910000)]
INFO: board_modifier.py:469: Track added
INFO: key_placer.py:486: Routing SW14 with D14
INFO: key_placer.py:488: Using internal autorouter method
DEBUG: board_modifier.py:541: Routing at B.Cu layer
DEBUG: board_modifier.py:558: Netclass: Default, track width: 200000
DEBUG: board_modifier.py:620: Routing pad 'SW14:2' at (69215000, 52070000) with pad 'D14:2' at (71755000, 59860000) using coordinate system rotated by 0 degree(s)
INFO: board_modifier.py:464: Adding track segment (B.Cu): [(69215000, 52070000), (69215000, 57320000)]
INFO: board_modifier.py:469: Track added
INFO: board_modifier.py:464: Adding track segment (B.Cu): [(69215000, 57320000), (71755000, 59860000)]
INFO: board_modifier.py:469: Track added
DEBUG: key_placer.py:899: Routing ROW0 pads
DEBUG: board_modifier.py:541: Routing at B.Cu layer
DEBUG: board_modifier.py:558: Netclass: Default, track width: 200000
DEBUG: board_modifier.py:620: Routing pad 'D1:1' at (43180000, 41450000) with pad 'D2:1' at (66992500, 41450000) using coordinate system rotated by 0 degree(s)
INFO: board_modifier.py:464: Adding track segment (B.Cu): [(43180000, 41450000), (66992500, 41450000)]
INFO: board_modifier.py:469: Track added
DEBUG: board_modifier.py:541: Routing at B.Cu layer
DEBUG: board_modifier.py:558: Netclass: Default, track width: 200000
DEBUG: board_modifier.py:620: Routing pad 'D2:1' at (66992500, 41450000) with pad 'D3:1' at (86042500, 41450000) using coordinate system rotated by 0 degree(s)
INFO: board_modifier.py:464: Adding track segment (B.Cu): [(66992500, 41450000), (86042500, 41450000)]
INFO: board_modifier.py:469: Track added
DEBUG: board_modifier.py:541: Routing at B.Cu layer
DEBUG: board_modifier.py:558: Netclass: Default, track width: 200000
DEBUG: board_modifier.py:620: Routing pad 'D3:1' at (86042500, 41450000) with pad 'D4:1' at (105092500, 41450000) using coordinate system rotated by 0 degree(s)
INFO: board_modifier.py:464: Adding track segment (B.Cu): [(86042500, 41450000), (105092500, 41450000)]
INFO: board_modifier.py:469: Track added
DEBUG: board_modifier.py:541: Routing at B.Cu layer
DEBUG: board_modifier.py:558: Netclass: Default, track width: 200000
DEBUG: board_modifier.py:620: Routing pad 'D4:1' at (105092500, 41450000) with pad 'D5:1' at (124142500, 41450000) using coordinate system rotated by 0 degree(s)
INFO: board_modifier.py:464: Adding track segment (B.Cu): [(105092500, 41450000), (124142500, 41450000)]
INFO: board_modifier.py:469: Track added
DEBUG: board_modifier.py:541: Routing at B.Cu layer
DEBUG: board_modifier.py:558: Netclass: Default, track width: 200000
DEBUG: board_modifier.py:620: Routing pad 'D5:1' at (124142500, 41450000) with pad 'D6:1' at (143192500, 41450000) using coordinate system rotated by 0 degree(s)
INFO: board_modifier.py:464: Adding track segment (B.Cu): [(124142500, 41450000), (143192500, 41450000)]
INFO: board_modifier.py:469: Track added
DEBUG: board_modifier.py:541: Routing at B.Cu layer
DEBUG: board_modifier.py:558: Netclass: Default, track width: 200000
DEBUG: board_modifier.py:620: Routing pad 'D6:1' at (143192500, 41450000) with pad 'D7:1' at (162242500, 41450000) using coordinate system rotated by 0 degree(s)
INFO: board_modifier.py:464: Adding track segment (B.Cu): [(143192500, 41450000), (162242500, 41450000)]
INFO: board_modifier.py:469: Track added
DEBUG: board_modifier.py:541: Routing at B.Cu layer
DEBUG: board_modifier.py:558: Netclass: Default, track width: 200000
DEBUG: board_modifier.py:620: Routing pad 'D7:1' at (162242500, 41450000) with pad 'D8:1' at (181292500, 41450000) using coordinate system rotated by 0 degree(s)
INFO: board_modifier.py:464: Adding track segment (B.Cu): [(162242500, 41450000), (181292500, 41450000)]
INFO: board_modifier.py:469: Track added
WARNING: board_modifier.py:537: Could not route pads, no common layers found
DEBUG: board_modifier.py:541: Routing at B.Cu layer
DEBUG: board_modifier.py:558: Netclass: Default, track width: 200000
DEBUG: board_modifier.py:620: Routing pad 'D8:1' at (181292500, 41450000) with pad 'D9:1' at (200342500, 41450000) using coordinate system rotated by 0 degree(s)
INFO: board_modifier.py:464: Adding track segment (B.Cu): [(181292500, 41450000), (200342500, 41450000)]
INFO: board_modifier.py:469: Track added
DEBUG: board_modifier.py:541: Routing at B.Cu layer
DEBUG: board_modifier.py:558: Netclass: Default, track width: 200000
DEBUG: board_modifier.py:620: Routing pad 'D9:1' at (200342500, 41450000) with pad 'D10:1' at (219392500, 41450000) using coordinate system rotated by 0 degree(s)
INFO: board_modifier.py:464: Adding track segment (B.Cu): [(200342500, 41450000), (219392500, 41450000)]
INFO: board_modifier.py:469: Track added
DEBUG: board_modifier.py:541: Routing at B.Cu layer
DEBUG: board_modifier.py:558: Netclass: Default, track width: 200000
DEBUG: board_modifier.py:620: Routing pad 'D10:1' at (219392500, 41450000) with pad 'D11:1' at (238442500, 41450000) using coordinate system rotated by 0 degree(s)
INFO: board_modifier.py:464: Adding track segment (B.Cu): [(219392500, 41450000), (238442500, 41450000)]
INFO: board_modifier.py:469: Track added
DEBUG: board_modifier.py:541: Routing at B.Cu layer
DEBUG: board_modifier.py:558: Netclass: Default, track width: 200000
DEBUG: board_modifier.py:620: Routing pad 'D11:1' at (238442500, 41450000) with pad 'D12:1' at (264636250, 41450000) using coordinate system rotated by 0 degree(s)
INFO: board_modifier.py:464: Adding track segment (B.Cu): [(238442500, 41450000), (264636250, 41450000)]
INFO: board_modifier.py:469: Track added
DEBUG: key_placer.py:899: Routing ROW2 pads
DEBUG: board_modifier.py:541: Routing at B.Cu layer
DEBUG: board_modifier.py:558: Netclass: Default, track width: 200000
DEBUG: board_modifier.py:620: Routing pad 'D25:1' at (50323750, 79550000) with pad 'D26:1' at (81280000, 79550000) using coordinate system rotated by 0 degree(s)
INFO: board_modifier.py:464: Adding track segment (B.Cu): [(50323750, 79550000), (81280000, 79550000)]
INFO: board_modifier.py:469: Track added
DEBUG: board_modifier.py:541: Routing at B.Cu layer
DEBUG: board_modifier.py:558: Netclass: Default, track width: 200000
DEBUG: board_modifier.py:620: Routing pad 'D26:1' at (81280000, 79550000) with pad 'D27:1' at (100330000, 79550000) using coordinate system rotated by 0 degree(s)
INFO: board_modifier.py:464: Adding track segment (B.Cu): [(81280000, 79550000), (100330000, 79550000)]
INFO: board_modifier.py:469: Track added
DEBUG: board_modifier.py:541: Routing at B.Cu layer
DEBUG: board_modifier.py:558: Netclass: Default, track width: 200000
DEBUG: board_modifier.py:620: Routing pad 'D27:1' at (100330000, 79550000) with pad 'D28:1' at (119380000, 79550000) using coordinate system rotated by 0 degree(s)
INFO: board_modifier.py:464: Adding track segment (B.Cu): [(100330000, 79550000), (119380000, 79550000)]
INFO: board_modifier.py:469: Track added
DEBUG: board_modifier.py:541: Routing at B.Cu layer
DEBUG: board_modifier.py:558: Netclass: Default, track width: 200000
DEBUG: board_modifier.py:620: Routing pad 'D28:1' at (119380000, 79550000) with pad 'D29:1' at (138430000, 79550000) using coordinate system rotated by 0 degree(s)
INFO: board_modifier.py:464: Adding track segment (B.Cu): [(119380000, 79550000), (138430000, 79550000)]
INFO: board_modifier.py:469: Track added
DEBUG: board_modifier.py:541: Routing at B.Cu layer
DEBUG: board_modifier.py:558: Netclass: Default, track width: 200000
DEBUG: board_modifier.py:620: Routing pad 'D29:1' at (138430000, 79550000) with pad 'D30:1' at (157480000, 79550000) using coordinate system rotated by 0 degree(s)
INFO: board_modifier.py:464: Adding track segment (B.Cu): [(138430000, 79550000), (157480000, 79550000)]
INFO: board_modifier.py:469: Track added
DEBUG: board_modifier.py:541: Routing at B.Cu layer
DEBUG: board_modifier.py:558: Netclass: Default, track width: 200000
DEBUG: board_modifier.py:620: Routing pad 'D30:1' at (157480000, 79550000) with pad 'D31:1' at (176530000, 79550000) using coordinate system rotated by 0 degree(s)
INFO: board_modifier.py:464: Adding track segment (B.Cu): [(157480000, 79550000), (176530000, 79550000)]
INFO: board_modifier.py:469: Track added
WARNING: board_modifier.py:537: Could not route pads, no common layers found
DEBUG: board_modifier.py:541: Routing at B.Cu layer
DEBUG: board_modifier.py:558: Netclass: Default, track width: 200000
DEBUG: board_modifier.py:620: Routing pad 'D31:1' at (176530000, 79550000) with pad 'D32:1' at (195580000, 79550000) using coordinate system rotated by 0 degree(s)
INFO: board_modifier.py:464: Adding track segment (B.Cu): [(176530000, 79550000), (195580000, 79550000)]
INFO: board_modifier.py:469: Track added
DEBUG: board_modifier.py:541: Routing at B.Cu layer
DEBUG: board_modifier.py:558: Netclass: Default, track width: 200000
DEBUG: board_modifier.py:620: Routing pad 'D32:1' at (195580000, 79550000) with pad 'D33:1' at (214630000, 79550000) using coordinate system rotated by 0 degree(s)
INFO: board_modifier.py:464: Adding track segment (B.Cu): [(195580000, 79550000), (214630000, 79550000)]
INFO: board_modifier.py:469: Track added
DEBUG: board_modifier.py:541: Routing at B.Cu layer
DEBUG: board_modifier.py:558: Netclass: Default, track width: 200000
DEBUG: board_modifier.py:620: Routing pad 'D33:1' at (214630000, 79550000) with pad 'D34:1' at (233680000, 79550000) using coordinate system rotated by 0 degree(s)
INFO: board_modifier.py:464: Adding track segment (B.Cu): [(214630000, 79550000), (233680000, 79550000)]
INFO: board_modifier.py:469: Track added
DEBUG: board_modifier.py:541: Routing at B.Cu layer
DEBUG: board_modifier.py:558: Netclass: Default, track width: 200000
DEBUG: board_modifier.py:620: Routing pad 'D34:1' at (233680000, 79550000) with pad 'D35:1' at (252730000, 79550000) using coordinate system rotated by 0 degree(s)
INFO: board_modifier.py:464: Adding track segment (B.Cu): [(233680000, 79550000), (252730000, 79550000)]
INFO: board_modifier.py:469: Track added
DEBUG: board_modifier.py:541: Routing at B.Cu layer
DEBUG: board_modifier.py:558: Netclass: Default, track width: 200000
DEBUG: board_modifier.py:620: Routing pad 'D35:1' at (252730000, 79550000) with pad 'D36:1' at (271780000, 79550000) using coordinate system rotated by 0 degree(s)
INFO: board_modifier.py:464: Adding track segment (B.Cu): [(252730000, 79550000), (271780000, 79550000)]
INFO: board_modifier.py:469: Track added
DEBUG: key_placer.py:899: Routing COL6 pads
DEBUG: board_modifier.py:541: Routing at F.Cu layer
DEBUG: board_modifier.py:558: Netclass: Default, track width: 200000
DEBUG: board_modifier.py:620: Routing pad 'SW7:1' at (153352500, 35560000) with pad 'SW19:1' at (158115000, 54610000) using coordinate system rotated by 0 degree(s)
INFO: board_modifier.py:464: Adding track segment (F.Cu): [(153352500, 35560000), (153352500, 49847500)]
INFO: board_modifier.py:469: Track added
INFO: board_modifier.py:464: Adding track segment (F.Cu): [(153352500, 49847500), (158115000, 54610000)]
INFO: board_modifier.py:469: Track added
DEBUG: board_modifier.py:541: Routing at F.Cu layer
DEBUG: board_modifier.py:558: Netclass: Default, track width: 200000
DEBUG: board_modifier.py:620: Routing pad 'SW19:1' at (158115000, 54610000) with pad 'SW31:1' at (167640000, 73660000) using coordinate system rotated by 0 degree(s)
INFO: board_modifier.py:464: Adding track segment (F.Cu): [(158115000, 54610000), (158115000, 64135000)]
INFO: board_modifier.py:469: Track added
INFO: board_modifier.py:464: Adding track segment (F.Cu): [(158115000, 64135000), (167640000, 73660000)]
INFO: board_modifier.py:469: Track added
DEBUG: board_modifier.py:541: Routing at F.Cu layer
DEBUG: board_modifier.py:558: Netclass: Default, track width: 200000
DEBUG: board_modifier.py:620: Routing pad 'SW31:1' at (167640000, 73660000) with pad 'SW42:1' at (170021250, 92710000) using coordinate system rotated by 0 degree(s)
INFO: board_modifier.py:464: Adding track segment (F.Cu): [(167640000, 73660000), (167640000, 90328750)]
INFO: board_modifier.py:469: Track added
INFO: board_modifier.py:464: Adding track segment (F.Cu): [(167640000, 90328750), (170021250, 92710000)]
INFO: board_modifier.py:469: Track added
DEBUG: board_modifier.py:541: Routing at F.Cu layer
DEBUG: board_modifier.py:558: Netclass: Default, track width: 200000
DEBUG: board_modifier.py:620: Routing pad 'SW42:1' at (170021250, 92710000) with pad 'U2:31' at (192376500, 185678000) using coordinate system rotated by 0 degree(s)
INFO: board_modifier.py:464: Adding track segment (F.Cu): [(170021250, 92710000), (170021250, 163322750)]
INFO: board_modifier.py:469: Track added
INFO: board_modifier.py:464: Adding track segment (F.Cu): [(170021250, 163322750), (192376500, 185678000)]
DEBUG: board_modifier.py:474: Could not add track segment due to detected collision
INFO: board_modifier.py:464: Adding track segment (F.Cu): [(170021250, 92710000), (192376500, 115065250)]
DEBUG: board_modifier.py:474: Could not add track segment due to detected collision
DEBUG: key_placer.py:899: Routing COL11 pads
DEBUG: board_modifier.py:541: Routing at F.Cu layer
DEBUG: board_modifier.py:558: Netclass: Default, track width: 200000
DEBUG: board_modifier.py:620: Routing pad 'SW24:1' at (258127500, 54610000) with pad 'SW12:1' at (255746250, 35560000) using coordinate system rotated by 0 degree(s)
INFO: board_modifier.py:464: Adding track segment (F.Cu): [(258127500, 54610000), (258127500, 37941250)]
DEBUG: board_modifier.py:474: Could not add track segment due to detected collision
INFO: board_modifier.py:464: Adding track segment (F.Cu): [(258127500, 54610000), (255746250, 52228750)]
INFO: board_modifier.py:469: Track added
INFO: board_modifier.py:464: Adding track segment (F.Cu): [(255746250, 52228750), (255746250, 35560000)]
INFO: board_modifier.py:469: Track added
DEBUG: board_modifier.py:541: Routing at F.Cu layer
DEBUG: board_modifier.py:558: Netclass: Default, track width: 200000
DEBUG: board_modifier.py:620: Routing pad 'SW36:1' at (262890000, 73660000) with pad 'SW24:1' at (258127500, 54610000) using coordinate system rotated by 0 degree(s)
INFO: board_modifier.py:464: Adding track segment (F.Cu): [(262890000, 73660000), (262890000, 59372500)]
INFO: board_modifier.py:469: Track added
INFO: board_modifier.py:464: Adding track segment (F.Cu): [(262890000, 59372500), (258127500, 54610000)]
DEBUG: board_modifier.py:474: Could not add track segment due to detected collision
INFO: board_modifier.py:464: Adding track segment (F.Cu): [(262890000, 73660000), (258127500, 68897500)]
INFO: board_modifier.py:469: Track added
INFO: board_modifier.py:464: Adding track segment (F.Cu): [(258127500, 68897500), (258127500, 54610000)]
INFO: board_modifier.py:469: Track added
DEBUG: board_modifier.py:541: Routing at F.Cu layer
DEBUG: board_modifier.py:558: Netclass: Default, track width: 200000
DEBUG: board_modifier.py:620: Routing pad 'SW46:1' at (262890000, 92710000) with pad 'SW36:1' at (262890000, 73660000) using coordinate system rotated by 0 degree(s)
INFO: board_modifier.py:464: Adding track segment (F.Cu): [(262890000, 92710000), (262890000, 73660000)]
INFO: board_modifier.py:469: Track added
DEBUG: board_modifier.py:541: Routing at F.Cu layer
DEBUG: board_modifier.py:558: Netclass: Default, track width: 200000
DEBUG: board_modifier.py:620: Routing pad 'U2:27' at (192376500, 187678000) with pad 'SW46:1' at (262890000, 92710000) using coordinate system rotated by 0 degree(s)
INFO: board_modifier.py:464: Adding track segment (F.Cu): [(192376500, 187678000), (192376500, 163223500)]
DEBUG: board_modifier.py:474: Could not add track segment due to detected collision
INFO: board_modifier.py:464: Adding track segment (F.Cu): [(192376500, 187678000), (262890000, 117164500)]
DEBUG: board_modifier.py:474: Could not add track segment due to detected collision
DEBUG: key_placer.py:899: Routing +3V3 pads
DEBUG: board_modifier.py:541: Routing at F.Cu layer
DEBUG: board_modifier.py:558: Netclass: Default, track width: 200000
DEBUG: board_modifier.py:620: Routing pad 'C11:1' at (85344000, 163068000) with pad 'C12:1' at (85344000, 165105000) using coordinate system rotated by 0 degree(s)
INFO: board_modifier.py:464: Adding track segment (F.Cu): [(85344000, 163068000), (85344000, 165105000)]
INFO: board_modifier.py:469: Track added
DEBUG: board_modifier.py:541: Routing at F.Cu layer
DEBUG: board_modifier.py:558: Netclass: Default, track width: 200000
DEBUG: board_modifier.py:620: Routing pad 'C14:1' at (88646000, 169103000) with pad 'C2:1' at (85344000, 171069000) using coordinate system rotated by 0 degree(s)
INFO: board_modifier.py:464: Adding track segment (F.Cu): [(88646000, 169103000), (87310000, 169103000)]
INFO: board_modifier.py:469: Track added
INFO: board_modifier.py:464: Adding track segment (F.Cu): [(87310000, 169103000), (85344000, 171069000)]
INFO: board_modifier.py:469: Track added
DEBUG: board_modifier.py:541: Routing at F.Cu layer
DEBUG: board_modifier.py:558: Netclass: Default, track width: 200000
DEBUG: board_modifier.py:620: Routing pad 'C2:1' at (85344000, 171069000) with pad 'C4:1' at (85344000, 173233000) using coordinate system rotated by 0 degree(s)
INFO: board_modifier.py:464: Adding track segment (F.Cu): [(85344000, 171069000), (85344000, 173233000)]
INFO: board_modifier.py:469: Track added
DEBUG: board_modifier.py:541: Routing at F.Cu layer
DEBUG: board_modifier.py:558: Netclass: Default, track width: 200000
DEBUG: board_modifier.py:620: Routing pad 'C11:1' at (85344000, 163068000) with pad 'C5:1' at (88646000, 161229000) using coordinate system rotated by 0 degree(s)
INFO: board_modifier.py:464: Adding track segment (F.Cu): [(85344000, 163068000), (86807000, 163068000)]
INFO: board_modifier.py:469: Track added
INFO: board_modifier.py:464: Adding track segment (F.Cu): [(86807000, 163068000), (88646000, 161229000)]
INFO: board_modifier.py:469: Track added
DEBUG: board_modifier.py:541: Routing at F.Cu layer
DEBUG: board_modifier.py:558: Netclass: Default, track width: 200000
DEBUG: board_modifier.py:620: Routing pad 'C12:1' at (85344000, 165105000) with pad 'C13:1' at (88646000, 167005000) using coordinate system rotated by 0 degree(s)
INFO: board_modifier.py:464: Adding track segment (F.Cu): [(85344000, 165105000), (86746000, 165105000)]
INFO: board_modifier.py:469: Track added
INFO: board_modifier.py:464: Adding track segment (F.Cu): [(86746000, 165105000), (88646000, 167005000)]
INFO: board_modifier.py:469: Track added
DEBUG: board_modifier.py:541: Routing at F.Cu layer
DEBUG: board_modifier.py:558: Netclass: Default, track width: 200000
DEBUG: board_modifier.py:620: Routing pad 'C13:1' at (88646000, 167005000) with pad 'C14:1' at (88646000, 169103000) using coordinate system rotated by 0 degree(s)
INFO: board_modifier.py:464: Adding track segment (F.Cu): [(88646000, 167005000), (88646000, 169103000)]
INFO: board_modifier.py:469: Track added
DEBUG: board_modifier.py:541: Routing at F.Cu layer
DEBUG: board_modifier.py:558: Netclass: Default, track width: 200000
DEBUG: board_modifier.py:620: Routing pad 'C4:1' at (85344000, 173233000) with pad 'C3:1' at (88646000, 174879000) using coordinate system rotated by 0 degree(s)
INFO: board_modifier.py:464: Adding track segment (F.Cu): [(85344000, 173233000), (87000000, 173233000)]
INFO: board_modifier.py:469: Track added
INFO: board_modifier.py:464: Adding track segment (F.Cu): [(87000000, 173233000), (88646000, 174879000)]
INFO: board_modifier.py:469: Track added
DEBUG: board_modifier.py:541: Routing at F.Cu layer
DEBUG: board_modifier.py:558: Netclass: Default, track width: 200000
DEBUG: board_modifier.py:620: Routing pad 'C3:1' at (88646000, 174879000) with pad 'SW48:1' at (150694000, 182701000) using coordinate system rotated by 0 degree(s)
INFO: board_modifier.py:464: Adding track segment (F.Cu): [(88646000, 174879000), (142872000, 174879000)]
DEBUG: board_modifier.py:474: Could not add track segment due to detected collision
INFO: board_modifier.py:464: Adding track segment (F.Cu): [(88646000, 174879000), (96468000, 182701000)]
DEBUG: board_modifier.py:474: Could not add track segment due to detected collision
DEBUG: board_modifier.py:541: Routing at F.Cu layer
DEBUG: board_modifier.py:558: Netclass: Default, track width: 200000
DEBUG: board_modifier.py:620: Routing pad 'SW48:1' at (150694000, 182701000) with pad 'U2:1' at (184051500, 183178000) using coordinate system rotated by 0 degree(s)
INFO: board_modifier.py:464: Adding track segment (F.Cu): [(150694000, 182701000), (183574500, 182701000)]
DEBUG: board_modifier.py:474: Could not add track segment due to detected collision
INFO: board_modifier.py:464: Adding track segment (F.Cu): [(150694000, 182701000), (151171000, 183178000)]
INFO: board_modifier.py:469: Track added
INFO: board_modifier.py:464: Adding track segment (F.Cu): [(151171000, 183178000), (184051500, 183178000)]
DEBUG: board_modifier.py:474: Could not add track segment due to detected collision
DEBUG: board_modifier.py:541: Routing at F.Cu layer
DEBUG: board_modifier.py:558: Netclass: Default, track width: 200000
DEBUG: board_modifier.py:620: Routing pad 'U2:36' at (192376500, 183178000) with pad 'U4:2' at (250184500, 184343000) using coordinate system rotated by 0 degree(s)
INFO: board_modifier.py:464: Adding track segment (F.Cu): [(192376500, 183178000), (249019500, 183178000)]
DEBUG: board_modifier.py:474: Could not add track segment due to detected collision
INFO: board_modifier.py:464: Adding track segment (F.Cu): [(192376500, 183178000), (193541500, 184343000)]
DEBUG: board_modifier.py:474: Could not add track segment due to detected collision
DEBUG: board_modifier.py:541: Routing at F.Cu layer
DEBUG: board_modifier.py:558: Netclass: Default, track width: 200000
DEBUG: board_modifier.py:620: Routing pad 'U4:2' at (250184500, 184343000) with pad 'C10:2' at (253619000, 184470000) using coordinate system rotated by 0 degree(s)
INFO: board_modifier.py:464: Adding track segment (F.Cu): [(250184500, 184343000), (253492000, 184343000)]
INFO: board_modifier.py:469: Track added
INFO: board_modifier.py:464: Adding track segment (F.Cu): [(253492000, 184343000), (253619000, 184470000)]
INFO: board_modifier.py:469: Track added
DEBUG: key_placer.py:899: Routing COL3 pads
DEBUG: board_modifier.py:541: Routing at F.Cu layer
DEBUG: board_modifier.py:558: Netclass: Default, track width: 200000
DEBUG: board_modifier.py:620: Routing pad 'SW4:1' at (96202500, 35560000) with pad 'SW16:1' at (100965000, 54610000) using coordinate system rotated by 0 degree(s)
INFO: board_modifier.py:464: Adding track segment (F.Cu): [(96202500, 35560000), (96202500, 49847500)]
INFO: board_modifier.py:469: Track added
INFO: board_modifier.py:464: Adding track segment (F.Cu): [(96202500, 49847500), (100965000, 54610000)]
INFO: board_modifier.py:469: Track added
DEBUG: board_modifier.py:541: Routing at F.Cu layer
DEBUG: board_modifier.py:558: Netclass: Default, track width: 200000
DEBUG: board_modifier.py:620: Routing pad 'SW28:1' at (110490000, 73660000) with pad 'SW40:1' at (108108750, 92710000) using coordinate system rotated by 0 degree(s)
INFO: board_modifier.py:464: Adding track segment (F.Cu): [(110490000, 73660000), (110490000, 90328750)]
INFO: board_modifier.py:469: Track added
INFO: board_modifier.py:464: Adding track segment (F.Cu): [(110490000, 90328750), (108108750, 92710000)]
INFO: board_modifier.py:469: Track added
DEBUG: board_modifier.py:541: Routing at F.Cu layer
DEBUG: board_modifier.py:558: Netclass: Default, track width: 200000
DEBUG: board_modifier.py:620: Routing pad 'SW16:1' at (100965000, 54610000) with pad 'SW28:1' at (110490000, 73660000) using coordinate system rotated by 0 degree(s)
INFO: board_modifier.py:464: Adding track segment (F.Cu): [(100965000, 54610000), (100965000, 64135000)]
INFO: board_modifier.py:469: Track added
INFO: board_modifier.py:464: Adding track segment (F.Cu): [(100965000, 64135000), (110490000, 73660000)]
INFO: board_modifier.py:469: Track added
DEBUG: board_modifier.py:541: Routing at F.Cu layer
DEBUG: board_modifier.py:558: Netclass: Default, track width: 200000
DEBUG: board_modifier.py:620: Routing pad 'SW40:1' at (108108750, 92710000) with pad 'U2:9' at (184051500, 187178000) using coordinate system rotated by 0 degree(s)
INFO: board_modifier.py:464: Adding track segment (F.Cu): [(108108750, 92710000), (108108750, 111235250)]
INFO: board_modifier.py:469: Track added
INFO: board_modifier.py:464: Adding track segment (F.Cu): [(108108750, 111235250), (184051500, 187178000)]
DEBUG: board_modifier.py:474: Could not add track segment due to detected collision
INFO: board_modifier.py:464: Adding track segment (F.Cu): [(108108750, 92710000), (184051500, 168652750)]
DEBUG: board_modifier.py:474: Could not add track segment due to detected collision
DEBUG: key_placer.py:899: Routing ROW1 pads
DEBUG: board_modifier.py:541: Routing at B.Cu layer
DEBUG: board_modifier.py:558: Netclass: Default, track width: 200000
DEBUG: board_modifier.py:620: Routing pad 'D13:1' at (45561250, 60500000) with pad 'D14:1' at (71755000, 60500000) using coordinate system rotated by 0 degree(s)
INFO: board_modifier.py:464: Adding track segment (B.Cu): [(45561250, 60500000), (71755000, 60500000)]
INFO: board_modifier.py:469: Track added
DEBUG: board_modifier.py:541: Routing at B.Cu layer
DEBUG: board_modifier.py:558: Netclass: Default, track width: 200000
DEBUG: board_modifier.py:620: Routing pad 'D14:1' at (71755000, 60500000) with pad 'D15:1' at (90805000, 60500000) using coordinate system rotated by 0 degree(s)
INFO: board_modifier.py:464: Adding track segment (B.Cu): [(71755000, 60500000), (90805000, 60500000)]
INFO: board_modifier.py:469: Track added
DEBUG: board_modifier.py:541: Routing at B.Cu layer
DEBUG: board_modifier.py:558: Netclass: Default, track width: 200000
DEBUG: board_modifier.py:620: Routing pad 'D15:1' at (90805000, 60500000) with pad 'D16:1' at (109855000, 60500000) using coordinate system rotated by 0 degree(s)
INFO: board_modifier.py:464: Adding track segment (B.Cu): [(90805000, 60500000), (109855000, 60500000)]
INFO: board_modifier.py:469: Track added
DEBUG: board_modifier.py:541: Routing at B.Cu layer
DEBUG: board_modifier.py:558: Netclass: Default, track width: 200000
DEBUG: board_modifier.py:620: Routing pad 'D16:1' at (109855000, 60500000) with pad 'D17:1' at (128905000, 60500000) using coordinate system rotated by 0 degree(s)
INFO: board_modifier.py:464: Adding track segment (B.Cu): [(109855000, 60500000), (128905000, 60500000)]
INFO: board_modifier.py:469: Track added
DEBUG: board_modifier.py:541: Routing at B.Cu layer
DEBUG: board_modifier.py:558: Netclass: Default, track width: 200000
DEBUG: board_modifier.py:620: Routing pad 'D17:1' at (128905000, 60500000) with pad 'D18:1' at (147955000, 60500000) using coordinate system rotated by 0 degree(s)
INFO: board_modifier.py:464: Adding track segment (B.Cu): [(128905000, 60500000), (147955000, 60500000)]
INFO: board_modifier.py:469: Track added
DEBUG: board_modifier.py:541: Routing at B.Cu layer
DEBUG: board_modifier.py:558: Netclass: Default, track width: 200000
DEBUG: board_modifier.py:620: Routing pad 'D18:1' at (147955000, 60500000) with pad 'D19:1' at (167005000, 60500000) using coordinate system rotated by 0 degree(s)
INFO: board_modifier.py:464: Adding track segment (B.Cu): [(147955000, 60500000), (167005000, 60500000)]
INFO: board_modifier.py:469: Track added
DEBUG: board_modifier.py:541: Routing at B.Cu layer
DEBUG: board_modifier.py:558: Netclass: Default, track width: 200000
DEBUG: board_modifier.py:620: Routing pad 'D19:1' at (167005000, 60500000) with pad 'D20:1' at (186055000, 60500000) using coordinate system rotated by 0 degree(s)
INFO: board_modifier.py:464: Adding track segment (B.Cu): [(167005000, 60500000), (186055000, 60500000)]
INFO: board_modifier.py:469: Track added
WARNING: board_modifier.py:537: Could not route pads, no common layers found
DEBUG: board_modifier.py:541: Routing at B.Cu layer
DEBUG: board_modifier.py:558: Netclass: Default, track width: 200000
DEBUG: board_modifier.py:620: Routing pad 'D20:1' at (186055000, 60500000) with pad 'D21:1' at (205105000, 60500000) using coordinate system rotated by 0 degree(s)
INFO: board_modifier.py:464: Adding track segment (B.Cu): [(186055000, 60500000), (205105000, 60500000)]
INFO: board_modifier.py:469: Track added
DEBUG: board_modifier.py:541: Routing at B.Cu layer
DEBUG: board_modifier.py:558: Netclass: Default, track width: 200000
DEBUG: board_modifier.py:620: Routing pad 'D21:1' at (205105000, 60500000) with pad 'D22:1' at (224155000, 60500000) using coordinate system rotated by 0 degree(s)
INFO: board_modifier.py:464: Adding track segment (B.Cu): [(205105000, 60500000), (224155000, 60500000)]
INFO: board_modifier.py:469: Track added
DEBUG: board_modifier.py:541: Routing at B.Cu layer
DEBUG: board_modifier.py:558: Netclass: Default, track width: 200000
DEBUG: board_modifier.py:620: Routing pad 'D22:1' at (224155000, 60500000) with pad 'D23:1' at (243205000, 60500000) using coordinate system rotated by 0 degree(s)
INFO: board_modifier.py:464: Adding track segment (B.Cu): [(224155000, 60500000), (243205000, 60500000)]
INFO: board_modifier.py:469: Track added
DEBUG: board_modifier.py:541: Routing at B.Cu layer
DEBUG: board_modifier.py:558: Netclass: Default, track width: 200000
DEBUG: board_modifier.py:620: Routing pad 'D23:1' at (243205000, 60500000) with pad 'D24:1' at (267017500, 60500000) using coordinate system rotated by 0 degree(s)
INFO: board_modifier.py:464: Adding track segment (B.Cu): [(243205000, 60500000), (267017500, 60500000)]
INFO: board_modifier.py:469: Track added
DEBUG: key_placer.py:899: Routing COL0 pads
DEBUG: board_modifier.py:541: Routing at F.Cu layer
DEBUG: board_modifier.py:558: Netclass: Default, track width: 200000
DEBUG: board_modifier.py:620: Routing pad 'SW13:1' at (36671250, 54610000) with pad 'SW1:1' at (34290000, 35560000) using coordinate system rotated by 0 degree(s)
INFO: board_modifier.py:464: Adding track segment (F.Cu): [(36671250, 54610000), (36671250, 37941250)]
DEBUG: board_modifier.py:474: Could not add track segment due to detected collision
INFO: board_modifier.py:464: Adding track segment (F.Cu): [(36671250, 54610000), (34290000, 52228750)]
INFO: board_modifier.py:469: Track added
INFO: board_modifier.py:464: Adding track segment (F.Cu): [(34290000, 52228750), (34290000, 35560000)]
INFO: board_modifier.py:469: Track added
DEBUG: board_modifier.py:541: Routing at F.Cu layer
DEBUG: board_modifier.py:558: Netclass: Default, track width: 200000
DEBUG: board_modifier.py:620: Routing pad 'SW25:1' at (41433750, 73660000) with pad 'SW13:1' at (36671250, 54610000) using coordinate system rotated by 0 degree(s)
INFO: board_modifier.py:464: Adding track segment (F.Cu): [(41433750, 73660000), (41433750, 59372500)]
INFO: board_modifier.py:469: Track added
INFO: board_modifier.py:464: Adding track segment (F.Cu): [(41433750, 59372500), (36671250, 54610000)]
DEBUG: board_modifier.py:474: Could not add track segment due to detected collision
INFO: board_modifier.py:464: Adding track segment (F.Cu): [(41433750, 73660000), (36671250, 68897500)]
INFO: board_modifier.py:469: Track added
INFO: board_modifier.py:464: Adding track segment (F.Cu): [(36671250, 68897500), (36671250, 54610000)]
INFO: board_modifier.py:469: Track added
DEBUG: board_modifier.py:541: Routing at F.Cu layer
DEBUG: board_modifier.py:558: Netclass: Default, track width: 200000
DEBUG: board_modifier.py:620: Routing pad 'SW37:1' at (31908750, 92710000) with pad 'SW25:1' at (41433750, 73660000) using coordinate system rotated by 0 degree(s)
INFO: board_modifier.py:464: Adding track segment (F.Cu): [(31908750, 92710000), (31908750, 83185000)]
DEBUG: board_modifier.py:474: Could not add track segment due to detected collision
INFO: board_modifier.py:464: Adding track segment (F.Cu): [(31908750, 92710000), (41433750, 83185000)]
INFO: board_modifier.py:469: Track added
INFO: board_modifier.py:464: Adding track segment (F.Cu): [(41433750, 83185000), (41433750, 73660000)]
INFO: board_modifier.py:469: Track added
DEBUG: board_modifier.py:541: Routing at F.Cu layer
DEBUG: board_modifier.py:558: Netclass: Default, track width: 200000
DEBUG: board_modifier.py:620: Routing pad 'SW37:1' at (31908750, 92710000) with pad 'U2:12' at (184051500, 188678000) using coordinate system rotated by 0 degree(s)
INFO: board_modifier.py:464: Adding track segment (F.Cu): [(31908750, 92710000), (88083500, 92710000)]
DEBUG: board_modifier.py:474: Could not add track segment due to detected collision
INFO: board_modifier.py:464: Adding track segment (F.Cu): [(31908750, 92710000), (127876750, 188678000)]
DEBUG: board_modifier.py:474: Could not add track segment due to detected collision
DEBUG: key_placer.py:899: Routing COL8 pads
DEBUG: board_modifier.py:541: Routing at F.Cu layer
DEBUG: board_modifier.py:558: Netclass: Default, track width: 200000
DEBUG: board_modifier.py:620: Routing pad 'SW43:1' at (203358750, 92710000) with pad 'U2:30' at (192376500, 186178000) using coordinate system rotated by 0 degree(s)
INFO: board_modifier.py:464: Adding track segment (F.Cu): [(203358750, 92710000), (203358750, 175195750)]
DEBUG: board_modifier.py:474: Could not add track segment due to detected collision
INFO: board_modifier.py:464: Adding track segment (F.Cu): [(203358750, 92710000), (192376500, 103692250)]
DEBUG: board_modifier.py:474: Could not add track segment due to detected collision
DEBUG: board_modifier.py:541: Routing at F.Cu layer
DEBUG: board_modifier.py:558: Netclass: Default, track width: 200000
DEBUG: board_modifier.py:620: Routing pad 'SW9:1' at (191452500, 35560000) with pad 'SW21:1' at (196215000, 54610000) using coordinate system rotated by 0 degree(s)
INFO: board_modifier.py:464: Adding track segment (F.Cu): [(191452500, 35560000), (191452500, 49847500)]
INFO: board_modifier.py:469: Track added
INFO: board_modifier.py:464: Adding track segment (F.Cu): [(191452500, 49847500), (196215000, 54610000)]
INFO: board_modifier.py:469: Track added
DEBUG: board_modifier.py:541: Routing at F.Cu layer
DEBUG: board_modifier.py:558: Netclass: Default, track width: 200000
DEBUG: board_modifier.py:620: Routing pad 'SW33:1' at (205740000, 73660000) with pad 'SW43:1' at (203358750, 92710000) using coordinate system rotated by 0 degree(s)
INFO: board_modifier.py:464: Adding track segment (F.Cu): [(205740000, 73660000), (205740000, 90328750)]
INFO: board_modifier.py:469: Track added
INFO: board_modifier.py:464: Adding track segment (F.Cu): [(205740000, 90328750), (203358750, 92710000)]
INFO: board_modifier.py:469: Track added
DEBUG: board_modifier.py:541: Routing at F.Cu layer
DEBUG: board_modifier.py:558: Netclass: Default, track width: 200000
DEBUG: board_modifier.py:620: Routing pad 'SW21:1' at (196215000, 54610000) with pad 'SW33:1' at (205740000, 73660000) using coordinate system rotated by 0 degree(s)
INFO: board_modifier.py:464: Adding track segment (F.Cu): [(196215000, 54610000), (196215000, 64135000)]
INFO: board_modifier.py:469: Track added
INFO: board_modifier.py:464: Adding track segment (F.Cu): [(196215000, 64135000), (205740000, 73660000)]
INFO: board_modifier.py:469: Track added
DEBUG: key_placer.py:899: Routing COL7 pads
DEBUG: board_modifier.py:541: Routing at F.Cu layer
DEBUG: board_modifier.py:558: Netclass: Default, track width: 200000
DEBUG: board_modifier.py:620: Routing pad 'SW8:1' at (172402500, 35560000) with pad 'SW20:1' at (177165000, 54610000) using coordinate system rotated by 0 degree(s)
INFO: board_modifier.py:464: Adding track segment (F.Cu): [(172402500, 35560000), (172402500, 49847500)]
INFO: board_modifier.py:469: Track added
INFO: board_modifier.py:464: Adding track segment (F.Cu): [(172402500, 49847500), (177165000, 54610000)]
INFO: board_modifier.py:469: Track added
DEBUG: board_modifier.py:541: Routing at F.Cu layer
DEBUG: board_modifier.py:558: Netclass: Default, track width: 200000
DEBUG: board_modifier.py:620: Routing pad 'SW20:1' at (177165000, 54610000) with pad 'SW32:1' at (186690000, 73660000) using coordinate system rotated by 0 degree(s)
INFO: board_modifier.py:464: Adding track segment (F.Cu): [(177165000, 54610000), (177165000, 64135000)]
INFO: board_modifier.py:469: Track added
INFO: board_modifier.py:464: Adding track segment (F.Cu): [(177165000, 64135000), (186690000, 73660000)]
INFO: board_modifier.py:469: Track added
DEBUG: board_modifier.py:541: Routing at F.Cu layer
DEBUG: board_modifier.py:558: Netclass: Default, track width: 200000
DEBUG: board_modifier.py:620: Routing pad 'SW32:1' at (186690000, 73660000) with pad 'U2:33' at (192376500, 184678000) using coordinate system rotated by 0 degree(s)
INFO: board_modifier.py:464: Adding track segment (F.Cu): [(186690000, 73660000), (186690000, 178991500)]
DEBUG: board_modifier.py:474: Could not add track segment due to detected collision
INFO: board_modifier.py:464: Adding track segment (F.Cu): [(186690000, 73660000), (192376500, 79346500)]
DEBUG: board_modifier.py:474: Could not add track segment due to detected collision
DEBUG: key_placer.py:899: Routing COL5 pads
DEBUG: board_modifier.py:541: Routing at F.Cu layer
DEBUG: board_modifier.py:558: Netclass: Default, track width: 200000
DEBUG: board_modifier.py:620: Routing pad 'SW6:1' at (134302500, 35560000) with pad 'SW18:1' at (139065000, 54610000) using coordinate system rotated by 0 degree(s)
INFO: board_modifier.py:464: Adding track segment (F.Cu): [(134302500, 35560000), (134302500, 49847500)]
INFO: board_modifier.py:469: Track added
INFO: board_modifier.py:464: Adding track segment (F.Cu): [(134302500, 49847500), (139065000, 54610000)]
INFO: board_modifier.py:469: Track added
DEBUG: board_modifier.py:541: Routing at F.Cu layer
DEBUG: board_modifier.py:558: Netclass: Default, track width: 200000
DEBUG: board_modifier.py:620: Routing pad 'SW18:1' at (139065000, 54610000) with pad 'SW30:1' at (148590000, 73660000) using coordinate system rotated by 0 degree(s)
INFO: board_modifier.py:464: Adding track segment (F.Cu): [(139065000, 54610000), (139065000, 64135000)]
INFO: board_modifier.py:469: Track added
INFO: board_modifier.py:464: Adding track segment (F.Cu): [(139065000, 64135000), (148590000, 73660000)]
INFO: board_modifier.py:469: Track added
DEBUG: board_modifier.py:541: Routing at F.Cu layer
DEBUG: board_modifier.py:558: Netclass: Default, track width: 200000
DEBUG: board_modifier.py:620: Routing pad 'SW30:1' at (148590000, 73660000) with pad 'U2:34' at (192376500, 184178000) using coordinate system rotated by 0 degree(s)
INFO: board_modifier.py:464: Adding track segment (F.Cu): [(148590000, 73660000), (148590000, 140391500)]
DEBUG: board_modifier.py:474: Could not add track segment due to detected collision
INFO: board_modifier.py:464: Adding track segment (F.Cu): [(148590000, 73660000), (192376500, 117446500)]
DEBUG: board_modifier.py:474: Could not add track segment due to detected collision
DEBUG: key_placer.py:899: Routing COL1 pads
DEBUG: board_modifier.py:541: Routing at F.Cu layer
DEBUG: board_modifier.py:558: Netclass: Default, track width: 200000
DEBUG: board_modifier.py:620: Routing pad 'SW14:1' at (62865000, 54610000) with pad 'SW2:1' at (58102500, 35560000) using coordinate system rotated by 0 degree(s)
INFO: board_modifier.py:464: Adding track segment (F.Cu): [(62865000, 54610000), (62865000, 40322500)]
INFO: board_modifier.py:469: Track added
INFO: board_modifier.py:464: Adding track segment (F.Cu): [(62865000, 40322500), (58102500, 35560000)]
DEBUG: board_modifier.py:474: Could not add track segment due to detected collision
INFO: board_modifier.py:464: Adding track segment (F.Cu): [(62865000, 54610000), (58102500, 49847500)]
INFO: board_modifier.py:469: Track added
INFO: board_modifier.py:464: Adding track segment (F.Cu): [(58102500, 49847500), (58102500, 35560000)]
INFO: board_modifier.py:469: Track added
DEBUG: board_modifier.py:541: Routing at F.Cu layer
DEBUG: board_modifier.py:558: Netclass: Default, track width: 200000
DEBUG: board_modifier.py:620: Routing pad 'SW26:1' at (72390000, 73660000) with pad 'SW14:1' at (62865000, 54610000) using coordinate system rotated by 0 degree(s)
INFO: board_modifier.py:464: Adding track segment (F.Cu): [(72390000, 73660000), (72390000, 64135000)]
INFO: board_modifier.py:469: Track added
INFO: board_modifier.py:464: Adding track segment (F.Cu): [(72390000, 64135000), (62865000, 54610000)]
DEBUG: board_modifier.py:474: Could not add track segment due to detected collision
INFO: board_modifier.py:464: Adding track segment (F.Cu): [(72390000, 73660000), (62865000, 64135000)]
INFO: board_modifier.py:469: Track added
INFO: board_modifier.py:464: Adding track segment (F.Cu): [(62865000, 64135000), (62865000, 54610000)]
INFO: board_modifier.py:469: Track added
DEBUG: board_modifier.py:541: Routing at F.Cu layer
DEBUG: board_modifier.py:558: Netclass: Default, track width: 200000
DEBUG: board_modifier.py:620: Routing pad 'SW38:1' at (53340000, 92710000) with pad 'SW26:1' at (72390000, 73660000) using coordinate system rotated by 0 degree(s)
INFO: board_modifier.py:464: Adding track segment (F.Cu): [(53340000, 92710000), (53340000, 92710000)]
INFO: board_modifier.py:469: Track added
INFO: board_modifier.py:464: Adding track segment (F.Cu): [(53340000, 92710000), (72390000, 73660000)]
DEBUG: board_modifier.py:474: Could not add track segment due to detected collision
INFO: board_modifier.py:464: Adding track segment (F.Cu): [(53340000, 92710000), (72390000, 73660000)]
DEBUG: board_modifier.py:474: Could not add track segment due to detected collision
DEBUG: board_modifier.py:541: Routing at F.Cu layer
DEBUG: board_modifier.py:558: Netclass: Default, track width: 200000
DEBUG: board_modifier.py:620: Routing pad 'SW26:1' at (72390000, 73660000) with pad 'U2:11' at (184051500, 188178000) using coordinate system rotated by 0 degree(s)
INFO: board_modifier.py:464: Adding track segment (F.Cu): [(72390000, 73660000), (72390000, 76516500)]
INFO: board_modifier.py:469: Track added
INFO: board_modifier.py:464: Adding track segment (F.Cu): [(72390000, 76516500), (184051500, 188178000)]
DEBUG: board_modifier.py:474: Could not add track segment due to detected collision
INFO: board_modifier.py:464: Adding track segment (F.Cu): [(72390000, 73660000), (184051500, 185321500)]
DEBUG: board_modifier.py:474: Could not add track segment due to detected collision
DEBUG: key_placer.py:899: Routing COL9 pads
DEBUG: board_modifier.py:541: Routing at F.Cu layer
DEBUG: board_modifier.py:558: Netclass: Default, track width: 200000
DEBUG: board_modifier.py:620: Routing pad 'SW22:1' at (215265000, 54610000) with pad 'SW10:1' at (210502500, 35560000) using coordinate system rotated by 0 degree(s)
INFO: board_modifier.py:464: Adding track segment (F.Cu): [(215265000, 54610000), (215265000, 40322500)]
INFO: board_modifier.py:469: Track added
INFO: board_modifier.py:464: Adding track segment (F.Cu): [(215265000, 40322500), (210502500, 35560000)]
DEBUG: board_modifier.py:474: Could not add track segment due to detected collision
INFO: board_modifier.py:464: Adding track segment (F.Cu): [(215265000, 54610000), (210502500, 49847500)]
INFO: board_modifier.py:469: Track added
INFO: board_modifier.py:464: Adding track segment (F.Cu): [(210502500, 49847500), (210502500, 35560000)]
INFO: board_modifier.py:469: Track added
DEBUG: board_modifier.py:541: Routing at F.Cu layer
DEBUG: board_modifier.py:558: Netclass: Default, track width: 200000
DEBUG: board_modifier.py:620: Routing pad 'SW34:1' at (224790000, 73660000) with pad 'SW22:1' at (215265000, 54610000) using coordinate system rotated by 0 degree(s)
INFO: board_modifier.py:464: Adding track segment (F.Cu): [(224790000, 73660000), (224790000, 64135000)]
INFO: board_modifier.py:469: Track added
INFO: board_modifier.py:464: Adding track segment (F.Cu): [(224790000, 64135000), (215265000, 54610000)]
DEBUG: board_modifier.py:474: Could not add track segment due to detected collision
INFO: board_modifier.py:464: Adding track segment (F.Cu): [(224790000, 73660000), (215265000, 64135000)]
INFO: board_modifier.py:469: Track added
INFO: board_modifier.py:464: Adding track segment (F.Cu): [(215265000, 64135000), (215265000, 54610000)]
INFO: board_modifier.py:469: Track added
DEBUG: board_modifier.py:541: Routing at F.Cu layer
DEBUG: board_modifier.py:558: Netclass: Default, track width: 200000
DEBUG: board_modifier.py:620: Routing pad 'SW44:1' at (224790000, 92710000) with pad 'SW34:1' at (224790000, 73660000) using coordinate system rotated by 0 degree(s)
INFO: board_modifier.py:464: Adding track segment (F.Cu): [(224790000, 92710000), (224790000, 73660000)]
INFO: board_modifier.py:469: Track added
DEBUG: board_modifier.py:541: Routing at F.Cu layer
DEBUG: board_modifier.py:558: Netclass: Default, track width: 200000
DEBUG: board_modifier.py:620: Routing pad 'U2:29' at (192376500, 186678000) with pad 'SW44:1' at (224790000, 92710000) using coordinate system rotated by 0 degree(s)
INFO: board_modifier.py:464: Adding track segment (F.Cu): [(192376500, 186678000), (192376500, 125123500)]
DEBUG: board_modifier.py:474: Could not add track segment due to detected collision
INFO: board_modifier.py:464: Adding track segment (F.Cu): [(192376500, 186678000), (224790000, 154264500)]
DEBUG: board_modifier.py:474: Could not add track segment due to detected collision
DEBUG: key_placer.py:899: Routing COL10 pads
DEBUG: board_modifier.py:541: Routing at F.Cu layer
DEBUG: board_modifier.py:558: Netclass: Default, track width: 200000
DEBUG: board_modifier.py:620: Routing pad 'SW23:1' at (234315000, 54610000) with pad 'SW11:1' at (229552500, 35560000) using coordinate system rotated by 0 degree(s)
INFO: board_modifier.py:464: Adding track segment (F.Cu): [(234315000, 54610000), (234315000, 40322500)]
INFO: board_modifier.py:469: Track added
INFO: board_modifier.py:464: Adding track segment (F.Cu): [(234315000, 40322500), (229552500, 35560000)]
DEBUG: board_modifier.py:474: Could not add track segment due to detected collision
INFO: board_modifier.py:464: Adding track segment (F.Cu): [(234315000, 54610000), (229552500, 49847500)]
INFO: board_modifier.py:469: Track added
INFO: board_modifier.py:464: Adding track segment (F.Cu): [(229552500, 49847500), (229552500, 35560000)]
INFO: board_modifier.py:469: Track added
DEBUG: board_modifier.py:541: Routing at F.Cu layer
DEBUG: board_modifier.py:558: Netclass: Default, track width: 200000
DEBUG: board_modifier.py:620: Routing pad 'SW35:1' at (243840000, 73660000) with pad 'SW23:1' at (234315000, 54610000) using coordinate system rotated by 0 degree(s)
INFO: board_modifier.py:464: Adding track segment (F.Cu): [(243840000, 73660000), (243840000, 64135000)]
INFO: board_modifier.py:469: Track added
INFO: board_modifier.py:464: Adding track segment (F.Cu): [(243840000, 64135000), (234315000, 54610000)]
DEBUG: board_modifier.py:474: Could not add track segment due to detected collision
INFO: board_modifier.py:464: Adding track segment (F.Cu): [(243840000, 73660000), (234315000, 64135000)]
INFO: board_modifier.py:469: Track added
INFO: board_modifier.py:464: Adding track segment (F.Cu): [(234315000, 64135000), (234315000, 54610000)]
INFO: board_modifier.py:469: Track added
DEBUG: board_modifier.py:541: Routing at F.Cu layer
DEBUG: board_modifier.py:558: Netclass: Default, track width: 200000
DEBUG: board_modifier.py:620: Routing pad 'SW45:1' at (243840000, 92710000) with pad 'SW35:1' at (243840000, 73660000) using coordinate system rotated by 0 degree(s)
INFO: board_modifier.py:464: Adding track segment (F.Cu): [(243840000, 92710000), (243840000, 73660000)]
INFO: board_modifier.py:469: Track added
DEBUG: board_modifier.py:541: Routing at F.Cu layer
DEBUG: board_modifier.py:558: Netclass: Default, track width: 200000
DEBUG: board_modifier.py:620: Routing pad 'U2:28' at (192376500, 187178000) with pad 'SW45:1' at (243840000, 92710000) using coordinate system rotated by 0 degree(s)
INFO: board_modifier.py:464: Adding track segment (F.Cu): [(192376500, 187178000), (192376500, 144173500)]
DEBUG: board_modifier.py:474: Could not add track segment due to detected collision
INFO: board_modifier.py:464: Adding track segment (F.Cu): [(192376500, 187178000), (243840000, 135714500)]
DEBUG: board_modifier.py:474: Could not add track segment due to detected collision
DEBUG: key_placer.py:899: Routing COL4 pads
DEBUG: board_modifier.py:541: Routing at F.Cu layer
DEBUG: board_modifier.py:558: Netclass: Default, track width: 200000
DEBUG: board_modifier.py:620: Routing pad 'SW5:1' at (115252500, 35560000) with pad 'SW17:1' at (120015000, 54610000) using coordinate system rotated by 0 degree(s)
INFO: board_modifier.py:464: Adding track segment (F.Cu): [(115252500, 35560000), (115252500, 49847500)]
INFO: board_modifier.py:469: Track added
INFO: board_modifier.py:464: Adding track segment (F.Cu): [(115252500, 49847500), (120015000, 54610000)]
INFO: board_modifier.py:469: Track added
DEBUG: board_modifier.py:541: Routing at F.Cu layer
DEBUG: board_modifier.py:558: Netclass: Default, track width: 200000
DEBUG: board_modifier.py:620: Routing pad 'SW17:1' at (120015000, 54610000) with pad 'SW29:1' at (129540000, 73660000) using coordinate system rotated by 0 degree(s)
INFO: board_modifier.py:464: Adding track segment (F.Cu): [(120015000, 54610000), (120015000, 64135000)]
INFO: board_modifier.py:469: Track added
INFO: board_modifier.py:464: Adding track segment (F.Cu): [(120015000, 64135000), (129540000, 73660000)]
INFO: board_modifier.py:469: Track added
DEBUG: board_modifier.py:541: Routing at F.Cu layer
DEBUG: board_modifier.py:558: Netclass: Default, track width: 200000
DEBUG: board_modifier.py:620: Routing pad 'SW29:1' at (129540000, 73660000) with pad 'SW41:1' at (139065000, 92710000) using coordinate system rotated by 0 degree(s)
INFO: board_modifier.py:464: Adding track segment (F.Cu): [(129540000, 73660000), (129540000, 83185000)]
INFO: board_modifier.py:469: Track added
INFO: board_modifier.py:464: Adding track segment (F.Cu): [(129540000, 83185000), (139065000, 92710000)]
INFO: board_modifier.py:469: Track added
DEBUG: board_modifier.py:541: Routing at F.Cu layer
DEBUG: board_modifier.py:558: Netclass: Default, track width: 200000
DEBUG: board_modifier.py:620: Routing pad 'SW41:1' at (139065000, 92710000) with pad 'U2:32' at (192376500, 185178000) using coordinate system rotated by 0 degree(s)
INFO: board_modifier.py:464: Adding track segment (F.Cu): [(139065000, 92710000), (139065000, 131866500)]
INFO: board_modifier.py:469: Track added
INFO: board_modifier.py:464: Adding track segment (F.Cu): [(139065000, 131866500), (192376500, 185178000)]
DEBUG: board_modifier.py:474: Could not add track segment due to detected collision
INFO: board_modifier.py:464: Adding track segment (F.Cu): [(139065000, 92710000), (192376500, 146021500)]
DEBUG: board_modifier.py:474: Could not add track segment due to detected collision
DEBUG: key_placer.py:899: Routing COL2 pads
DEBUG: board_modifier.py:541: Routing at F.Cu layer
DEBUG: board_modifier.py:558: Netclass: Default, track width: 200000
DEBUG: board_modifier.py:620: Routing pad 'SW15:1' at (81915000, 54610000) with pad 'SW3:1' at (77152500, 35560000) using coordinate system rotated by 0 degree(s)
INFO: board_modifier.py:464: Adding track segment (F.Cu): [(81915000, 54610000), (81915000, 40322500)]
INFO: board_modifier.py:469: Track added
INFO: board_modifier.py:464: Adding track segment (F.Cu): [(81915000, 40322500), (77152500, 35560000)]
DEBUG: board_modifier.py:474: Could not add track segment due to detected collision
INFO: board_modifier.py:464: Adding track segment (F.Cu): [(81915000, 54610000), (77152500, 49847500)]
INFO: board_modifier.py:469: Track added
INFO: board_modifier.py:464: Adding track segment (F.Cu): [(77152500, 49847500), (77152500, 35560000)]
INFO: board_modifier.py:469: Track added
DEBUG: board_modifier.py:541: Routing at F.Cu layer
DEBUG: board_modifier.py:558: Netclass: Default, track width: 200000
DEBUG: board_modifier.py:620: Routing pad 'SW27:1' at (91440000, 73660000) with pad 'SW15:1' at (81915000, 54610000) using coordinate system rotated by 0 degree(s)
INFO: board_modifier.py:464: Adding track segment (F.Cu): [(91440000, 73660000), (91440000, 64135000)]
INFO: board_modifier.py:469: Track added
INFO: board_modifier.py:464: Adding track segment (F.Cu): [(91440000, 64135000), (81915000, 54610000)]
DEBUG: board_modifier.py:474: Could not add track segment due to detected collision
INFO: board_modifier.py:464: Adding track segment (F.Cu): [(91440000, 73660000), (81915000, 64135000)]
INFO: board_modifier.py:469: Track added
INFO: board_modifier.py:464: Adding track segment (F.Cu): [(81915000, 64135000), (81915000, 54610000)]
INFO: board_modifier.py:469: Track added
DEBUG: board_modifier.py:541: Routing at F.Cu layer
DEBUG: board_modifier.py:558: Netclass: Default, track width: 200000
DEBUG: board_modifier.py:620: Routing pad 'SW39:1' at (74771250, 92710000) with pad 'SW27:1' at (91440000, 73660000) using coordinate system rotated by 0 degree(s)
INFO: board_modifier.py:464: Adding track segment (F.Cu): [(74771250, 92710000), (74771250, 90328750)]
INFO: board_modifier.py:469: Track added
INFO: board_modifier.py:464: Adding track segment (F.Cu): [(74771250, 90328750), (91440000, 73660000)]
DEBUG: board_modifier.py:474: Could not add track segment due to detected collision
INFO: board_modifier.py:464: Adding track segment (F.Cu): [(74771250, 92710000), (91440000, 76041250)]
DEBUG: board_modifier.py:474: Could not add track segment due to detected collision
DEBUG: board_modifier.py:541: Routing at F.Cu layer
DEBUG: board_modifier.py:558: Netclass: Default, track width: 200000
DEBUG: board_modifier.py:620: Routing pad 'SW39:1' at (74771250, 92710000) with pad 'U2:10' at (184051500, 187678000) using coordinate system rotated by 0 degree(s)
INFO: board_modifier.py:464: Adding track segment (F.Cu): [(74771250, 92710000), (89083500, 92710000)]
INFO: board_modifier.py:469: Track added
INFO: board_modifier.py:464: Adding track segment (F.Cu): [(89083500, 92710000), (184051500, 187678000)]
DEBUG: board_modifier.py:474: Could not add track segment due to detected collision
INFO: board_modifier.py:464: Adding track segment (F.Cu): [(74771250, 92710000), (169739250, 187678000)]
DEBUG: board_modifier.py:474: Could not add track segment due to detected collision
DEBUG: key_placer.py:899: Routing ROW3 pads
DEBUG: board_modifier.py:541: Routing at B.Cu layer
DEBUG: board_modifier.py:558: Netclass: Default, track width: 200000
DEBUG: board_modifier.py:620: Routing pad 'D37:1' at (40798750, 98600000) with pad 'D38:1' at (62230000, 98600000) using coordinate system rotated by 0 degree(s)
INFO: board_modifier.py:464: Adding track segment (B.Cu): [(40798750, 98600000), (62230000, 98600000)]
INFO: board_modifier.py:469: Track added
DEBUG: board_modifier.py:541: Routing at B.Cu layer
DEBUG: board_modifier.py:558: Netclass: Default, track width: 200000
DEBUG: board_modifier.py:620: Routing pad 'D38:1' at (62230000, 98600000) with pad 'D39:1' at (83661250, 98600000) using coordinate system rotated by 0 degree(s)
INFO: board_modifier.py:464: Adding track segment (B.Cu): [(62230000, 98600000), (83661250, 98600000)]
INFO: board_modifier.py:469: Track added
DEBUG: board_modifier.py:541: Routing at B.Cu layer
DEBUG: board_modifier.py:558: Netclass: Default, track width: 200000
DEBUG: board_modifier.py:620: Routing pad 'D39:1' at (83661250, 98600000) with pad 'D40:1' at (116998750, 98600000) using coordinate system rotated by 0 degree(s)
INFO: board_modifier.py:464: Adding track segment (B.Cu): [(83661250, 98600000), (116998750, 98600000)]
INFO: board_modifier.py:469: Track added
DEBUG: board_modifier.py:541: Routing at B.Cu layer
DEBUG: board_modifier.py:558: Netclass: Default, track width: 200000
DEBUG: board_modifier.py:620: Routing pad 'D40:1' at (116998750, 98600000) with pad 'D41:1' at (147955000, 98600000) using coordinate system rotated by 0 degree(s)
INFO: board_modifier.py:464: Adding track segment (B.Cu): [(116998750, 98600000), (147955000, 98600000)]
INFO: board_modifier.py:469: Track added
DEBUG: board_modifier.py:541: Routing at B.Cu layer
DEBUG: board_modifier.py:558: Netclass: Default, track width: 200000
DEBUG: board_modifier.py:620: Routing pad 'D41:1' at (147955000, 98600000) with pad 'D42:1' at (178911250, 98600000) using coordinate system rotated by 0 degree(s)
INFO: board_modifier.py:464: Adding track segment (B.Cu): [(147955000, 98600000), (178911250, 98600000)]
INFO: board_modifier.py:469: Track added
WARNING: board_modifier.py:537: Could not route pads, no common layers found
DEBUG: board_modifier.py:541: Routing at B.Cu layer
DEBUG: board_modifier.py:558: Netclass: Default, track width: 200000
DEBUG: board_modifier.py:620: Routing pad 'D42:1' at (178911250, 98600000) with pad 'D43:1' at (212248750, 98600000) using coordinate system rotated by 0 degree(s)
INFO: board_modifier.py:464: Adding track segment (B.Cu): [(178911250, 98600000), (212248750, 98600000)]
INFO: board_modifier.py:469: Track added
DEBUG: board_modifier.py:541: Routing at B.Cu layer
DEBUG: board_modifier.py:558: Netclass: Default, track width: 200000
DEBUG: board_modifier.py:620: Routing pad 'D43:1' at (212248750, 98600000) with pad 'D44:1' at (233680000, 98600000) using coordinate system rotated by 0 degree(s)
INFO: board_modifier.py:464: Adding track segment (B.Cu): [(212248750, 98600000), (233680000, 98600000)]
INFO: board_modifier.py:469: Track added
DEBUG: board_modifier.py:541: Routing at B.Cu layer
DEBUG: board_modifier.py:558: Netclass: Default, track width: 200000
DEBUG: board_modifier.py:620: Routing pad 'D44:1' at (233680000, 98600000) with pad 'D45:1' at (252730000, 98600000) using coordinate system rotated by 0 degree(s)
INFO: board_modifier.py:464: Adding track segment (B.Cu): [(233680000, 98600000), (252730000, 98600000)]
INFO: board_modifier.py:469: Track added
DEBUG: board_modifier.py:541: Routing at B.Cu layer
DEBUG: board_modifier.py:558: Netclass: Default, track width: 200000
DEBUG: board_modifier.py:620: Routing pad 'D45:1' at (252730000, 98600000) with pad 'D46:1' at (271780000, 98600000) using coordinate system rotated by 0 degree(s)
INFO: board_modifier.py:464: Adding track segment (B.Cu): [(252730000, 98600000), (271780000, 98600000)]
INFO: board_modifier.py:469: Track added
DEBUG: key_placer.py:899: Routing BOOT pads
DEBUG: board_modifier.py:541: Routing at F.Cu layer
DEBUG: board_modifier.py:558: Netclass: Default, track width: 200000
DEBUG: board_modifier.py:620: Routing pad 'R5:1' at (146915500, 179705000) with pad 'SW48:2' at (146994000, 182701000) using coordinate system rotated by 0 degree(s)
INFO: board_modifier.py:464: Adding track segment (F.Cu): [(146915500, 179705000), (146915500, 182622500)]
INFO: board_modifier.py:469: Track added
INFO: board_modifier.py:464: Adding track segment (F.Cu): [(146915500, 182622500), (146994000, 182701000)]
INFO: board_modifier.py:469: Track added
DEBUG: board_modifier.py:541: Routing at F.Cu layer
DEBUG: board_modifier.py:558: Netclass: Default, track width: 200000
DEBUG: board_modifier.py:620: Routing pad 'SW48:2' at (146994000, 188901000) with pad 'U2:7' at (184051500, 186178000) using coordinate system rotated by 0 degree(s)
INFO: board_modifier.py:464: Adding track segment (F.Cu): [(146994000, 188901000), (181328500, 188901000)]
DEBUG: board_modifier.py:474: Could not add track segment due to detected collision
INFO: board_modifier.py:464: Adding track segment (F.Cu): [(146994000, 188901000), (149717000, 186178000)]
INFO: board_modifier.py:469: Track added
INFO: board_modifier.py:464: Adding track segment (F.Cu): [(149717000, 186178000), (184051500, 186178000)]
INFO: board_modifier.py:469: Track added
INFO: key_placer.py:520: Removing dangling tracks
INFO: key_placer.py:532: Removing 8a9dc5b2-a8c3-49b2-8c27-140535c8bb8c
INFO: key_placer.py:532: Removing dfceef28-802b-478a-8901-c1cdcfcfb394
INFO: key_placer.py:532: Removing 82f6fefe-31d0-4424-a3d7-93c00eca8cd4
INFO: key_placer.py:532: Removing 42c1ae25-483f-4980-9704-ceaf0c2d6534
INFO: key_placer.py:532: Removing 6b97e8ec-cdb8-4dfe-9d1e-e438179f62b8
INFO: key_placer.py:532: Removing 35b6bcff-fd2f-44a2-8f09-716e52d5e6c8
INFO: key_placer.py:532: Removing 3d120000-f715-488e-ac31-f7bf6e260efa
INFO: key_placer.py:532: Removing 12913433-8ba0-49ab-a360-97bfbc9fee40
INFO: key_placer.py:532: Removing 163527ad-533d-4fe5-beb7-a667d7e942a1
INFO: key_placer.py:532: Removing 6ae3398e-b08b-4582-9f8a-c42fbfdbee2e
INFO: key_placer.py:532: Removing 1e1dd7ef-222f-46ae-a318-73f25e0e4cf6
INFO: key_placer.py:532: Removing a4f6bf82-2c82-4aa5-990e-62ba77fb1e91
INFO: key_placer.py:532: Removing 03ff215a-8225-48bb-8d95-9952a20bfa1f
INFO: key_placer.py:532: Removing 209c6699-2e06-4d6d-b927-6e60597707c0
INFO: key_placer.py:532: Removing 56072a8e-06c9-4b2d-a2ea-a61bf6d75338
INFO: key_placer.py:532: Removing 11390ccc-5205-4e3c-85ad-3df6142f7a7d
INFO: key_placer.py:532: Removing 215452a0-1771-4c49-9cf3-048881e5c2ba
INFO: key_placer.py:532: Removing 982ac284-8ba4-4206-a571-313fa8f44d81
INFO: key_placer.py:532: Removing b2887d56-98ff-43e8-91c6-aa5c162ddf0c
INFO: key_placer.py:532: Removing 4df41efd-e933-4a00-be3c-de2d94907513
INFO: key_placer.py:532: Removing e383294f-3325-4a48-8f45-87b0f84e5b4e
INFO: key_placer.py:532: Removing 239b5df0-7e09-47fc-82ed-de0ac2a2df6e
INFO: key_placer.py:532: Removing 4fb8ed91-019c-4d7f-89ba-10a9a789fad9
INFO: key_placer.py:532: Removing 532222de-e099-4f0f-9575-10f7652c8254
INFO: key_placer.py:532: Removing 6b10f96a-8b13-4fae-a3e3-bf5d4c6fb776
INFO: key_placer.py:532: Removing 6036f785-f2f5-4791-b18b-e5ef94054ae3
INFO: key_placer.py:532: Removing 71538c3a-b8b2-441e-bcb2-2addb795c78d
INFO: key_placer.py:532: Removing 4e9d0a52-a7ec-4507-af21-ec92809b5845
INFO: key_placer.py:532: Removing e2a96b2f-7bb8-43ca-94d4-0c54e4ceec3b
INFO: key_placer.py:532: Removing 9798be46-bfc9-43ff-9bb8-57ba653c5bdc
INFO: key_placer.py:532: Removing dbf870b7-6558-42d8-be3c-3f8d980360d0
INFO: key_placer.py:532: Removing 7ac1010c-4609-4324-a1e3-a5538710b5f3
INFO: key_placer.py:532: Removing f7d62704-5910-4ad0-b8fb-b92c65478f01
INFO: key_placer.py:532: Removing 81670b7b-a5c0-4455-ba83-82f813171ec6
INFO: key_placer.py:532: Removing e2926101-0232-4895-ac26-59351ae97569
INFO: key_placer.py:532: Removing 59959099-5eff-40d4-ab7f-a69cc7f97fb8
INFO: key_placer.py:532: Removing ceb2b922-3d8c-4ff5-a981-2d59e4048bdc
INFO: key_placer.py:532: Removing 223afdbc-1dec-49c1-b5b2-eae883514075
INFO: key_placer.py:532: Removing ebcbec85-67c9-4f8f-9b47-b6c2f9b030b3
INFO: key_placer.py:532: Removing 4c1c09d6-8f44-4ad8-a694-ff84b4b9c135
INFO: key_placer.py:532: Removing ae89eec6-857b-4488-8a47-4be36ca6d70c
INFO: key_placer.py:532: Removing 5f89c835-7dbc-4bc8-b284-ce490b0c07d4
INFO: key_placer.py:532: Removing d85e0397-e809-4ee1-9414-78834ef76cbc
INFO: key_placer.py:532: Removing 1177d4e7-b5ab-463a-80e6-742438a9fb35
INFO: key_placer.py:532: Removing 31d979ff-ab19-44fa-a9be-f185128fcda2
INFO: key_placer.py:532: Removing 88d56327-6fc0-4fd6-a56b-b22a2b9abd9e
INFO: key_placer.py:532: Removing d2d8b0b5-b576-4162-9733-65be126b1b81
INFO: key_placer.py:532: Removing 7a86fc95-9d11-4a1f-96ff-7433daa00c55
INFO: key_placer.py:532: Removing 8783b34c-ef30-4e00-bd43-43b5a4142f83
INFO: key_placer.py:532: Removing 8c8f42ce-f10e-4e9a-8f15-65fa13afc8a7
INFO: key_placer.py:532: Removing dd2c129b-3ab6-4842-a862-65d2171a3d53
INFO: key_placer.py:532: Removing 1dfa3670-52b9-4c54-a9da-ce8e1d2cd58c
INFO: key_placer.py:532: Removing af28370c-a37c-40eb-93df-7c7f5770b146
INFO: key_placer.py:532: Removing 7877d50f-3e9f-4e3d-81c3-448bc07605bd
INFO: key_placer.py:532: Removing f093dce8-57ee-4284-a8be-f2dab0bc0c94
INFO: key_placer.py:532: Removing 0c895adf-4813-4f02-bbc6-da8feaadfdc8
INFO: key_placer.py:532: Removing 68e99c7d-bcb0-4abc-84cf-c0ff846bd5c6
INFO: key_placer.py:532: Removing 696e8403-2e5f-4a4e-ab1f-1e4da92ff823
INFO: key_placer.py:532: Removing c01505f1-3187-46bc-86da-6bf0ae21d680
INFO: key_placer.py:532: Removing 6d3c8af3-2146-47fb-a55b-0a6cd8cdbac4
INFO: key_placer.py:532: Removing 8ba0e3c6-faa7-4ee9-935b-663b49861036
INFO: key_placer.py:532: Removing 5aa967a6-983c-4f4f-95c3-d80c5ce8c3d7
INFO: key_placer.py:532: Removing 9d00f7fe-262c-4ae3-bd4a-d1c122046fe0
INFO: key_placer.py:532: Removing 324cd453-92b3-4c99-9f94-a13c39b0d41a
INFO: key_placer.py:532: Removing 82a43167-daca-4629-86e5-e145f3839890
INFO: key_placer.py:532: Removing 4c29fc79-0dc4-400a-b4b6-79538246e060
INFO: key_placer.py:532: Removing a4988d4c-53be-4743-bd83-608b08422f7c
INFO: key_placer.py:532: Removing 3d63602d-c4bc-400c-b2ae-df8cd2050ecb
INFO: key_placer.py:532: Removing b0e42f80-5434-46a1-bd24-be9abe866ae1
INFO: key_placer.py:532: Removing 9113cdf9-4026-4c39-afec-2f0bf385a817
INFO: key_placer.py:532: Removing b4fcc0c0-927a-4316-9b5c-8e04bbb2c662
INFO: key_placer.py:532: Removing 2afae214-3be3-467f-b1e7-f2b8a953aa4a
INFO: key_placer.py:532: Removing e1bfec0e-a45e-4fbf-b93f-d22edc024f88
INFO: key_placer.py:532: Removing 6effa343-e38f-4f22-9b20-27fb56825f61
INFO: key_placer.py:532: Removing 94dac5c4-b8f7-4ac5-80d0-dd933f1d86a8
INFO: key_placer.py:532: Removing 0de36588-527d-4fe0-ae14-c7ea5aee1895
INFO: key_placer.py:532: Removing 5d77394d-66c8-490a-a6f2-50a8eaef1c08
INFO: key_placer.py:532: Removing 7db01233-c597-47ee-a3a9-4676d3c370b4
INFO: key_placer.py:532: Removing f622d8ce-b607-498e-9985-0aa576996f68
INFO: key_placer.py:532: Removing 2a20d2eb-7e0c-4cb5-966c-39c66c89fc8b
INFO: key_placer.py:532: Removing c28d840d-d36c-4de9-85ec-dee1af03bdb0
INFO: key_placer.py:532: Removing 28f022b9-2024-49e7-ae55-60430ab6e1a1
INFO: key_placer.py:532: Removing e346fdef-1c11-4b42-9a4e-94c3419521b0
INFO: key_placer.py:532: Removing 810e4d81-20b5-4797-92e4-65d43d8045f5
INFO: key_placer.py:532: Removing 81ed6114-8613-4da4-bf91-46106c8f9423
INFO: key_placer.py:532: Removing 4fcb51b8-71f6-44c9-be9a-5b1250d46462
INFO: key_placer.py:532: Removing d18e68fd-ac04-489c-b93e-9373dbe8010a
INFO: key_placer.py:532: Removing 115afc15-08bc-4bee-8766-37a94f06fdc1
INFO: key_placer.py:532: Removing a6ee0830-82cd-4232-a1c8-843a3308c4a6
INFO: key_placer.py:532: Removing 805410b2-15da-45ce-aba2-d2e6f55f368a
INFO: key_placer.py:532: Removing e1943a5d-eb8e-44d4-aa02-ebd31ae819f7
INFO: key_placer.py:532: Removing 11c3af29-99fd-4c1a-90c3-22881ca8422e
INFO: key_placer.py:532: Removing 79dde37e-79df-427e-8282-2e0de4404fc1
INFO: key_placer.py:532: Removing 06744038-1c6a-4774-8419-31b46583b90c
INFO: key_placer.py:532: Removing 56b9c1d5-477f-4579-9f0f-a116b26d24cb
INFO: key_placer.py:532: Removing 19b2f48b-1a6d-4fe9-a96e-e55687ddb848
INFO: key_placer.py:532: Removing 421f42e0-80e6-432e-b768-fbe104765e03
INFO: key_placer.py:532: Removing c753c62a-1c59-44f7-a49b-005ff48c4f5f
INFO: key_placer.py:532: Removing d7a86dd8-2a68-413e-82cf-5f43fb6d7b5e
INFO: key_placer.py:532: Removing af563f1f-4447-4f48-8547-33268e0648dd
INFO: key_placer.py:532: Removing d7735554-2b4e-433b-ab39-e9ef25794d29
INFO: key_placer.py:532: Removing a83ed147-b718-4720-b641-8afb87f66c7b
INFO: key_placer.py:532: Removing ac4b9c96-3287-44e8-ba77-4c4598641d82
INFO: key_placer.py:532: Removing 6c91b56d-aadc-4753-82d8-991399401a6a
INFO: key_placer.py:532: Removing 8fe74b0a-83a5-4acc-9cdd-4dd0877597de
INFO: key_placer.py:532: Removing 0ec54c51-b027-4473-8a26-1eb018d68ed2
INFO: key_placer.py:532: Removing 85d1821e-ce26-4d0c-a2e6-6f2c5a5c5650
INFO: key_placer.py:532: Removing 1ee241d6-8ffd-468f-a374-ec4b682ee69c
INFO: key_placer.py:532: Removing 793c4afd-48d3-491b-af9d-23e2a318413b
INFO: key_placer.py:532: Removing 10b696f6-f4f9-4dc6-b1b1-c62d1be16d34
INFO: key_placer.py:532: Removing 40b6b405-ebcf-4773-ac0f-f74a0bbcc24d
INFO: key_placer.py:532: Removing 52b19640-5354-4c91-b8c6-f501ad6c2b8e
INFO: key_placer.py:532: Removing fa7939a6-2479-457a-bffa-b45bd200edd0
INFO: key_placer.py:532: Removing c96a60a6-1673-49a3-8b93-83144cd18597
INFO: key_placer.py:532: Removing ca2a54f8-7196-4168-8cfd-5e493c06e6db
INFO: key_placer.py:532: Removing b291b62d-195d-4b7f-a850-06c5b64fa3b2
INFO: key_placer.py:532: Removing ebcab004-5cad-43c7-86ba-ccaee2d40289
INFO: key_placer.py:532: Removing ab369f3c-aa92-4b3b-9bda-4d7fd8245d7b
INFO: key_placer.py:532: Removing b3316f65-7cba-4049-be06-8d00c0b6ccad
INFO: key_placer.py:532: Removing 6c9b7f82-11b4-4a9e-8216-c5105ef4b786
INFO: key_placer.py:532: Removing c87aadf5-1430-422b-ae18-85a11bbd44c4
INFO: key_placer.py:532: Removing d5216a33-9668-4c9c-9abe-a6910e361587
INFO: key_placer.py:532: Removing dda6d080-46be-4a62-9c70-4b18890b7350
INFO: key_placer.py:532: Removing e55f8b27-b638-4711-8dae-c50738a1fc13
INFO: key_placer.py:532: Removing ef55f8c0-3d72-46cf-b767-a33c125021b5
INFO: key_placer.py:532: Removing 3699b161-a9ed-4318-8423-a5a8ed3746c0
INFO: key_placer.py:532: Removing 6c37401b-55ee-4b60-8069-b68d7990634f
INFO: key_placer.py:532: Removing 2234a3fb-47f1-4558-be55-85c0b7d45633
INFO: key_placer.py:532: Removing 88433021-354b-4dcf-a994-3ea455333fdd
INFO: key_placer.py:532: Removing 4111cde5-5c8b-4700-a076-0b8be2e2c79d
INFO: key_placer.py:532: Removing 70521a33-0c15-4e5c-acba-e22e2f3d3e30
INFO: key_placer.py:532: Removing 0befc07b-3f89-4c48-aaf2-93c37650d500
INFO: key_placer.py:532: Removing 3f7b789f-af0e-4166-92f3-6436b5536955
INFO: key_placer.py:532: Removing 96d8bcae-93aa-4be9-b349-e57d8f97cd5f
INFO: key_placer.py:532: Removing acdd71f3-eb87-41c1-87bc-938abd3e5744
INFO: key_placer.py:532: Removing ad8a0ba3-4384-48e7-8d92-af8344893b7a
INFO: key_placer.py:520: Removing dangling tracks
INFO: key_placer.py:532: Removing 8b239a08-cffa-4b3a-bd23-0d117e4eaa22
INFO: key_placer.py:532: Removing c4b80e28-a079-4c47-a181-eeb051921407
INFO: key_placer.py:532: Removing 758e54d2-d4e4-4a6e-8571-ccb2c8dcbe81
INFO: key_placer.py:532: Removing a841304d-eac9-43de-8310-56344707f368
INFO: key_placer.py:532: Removing 83435153-462d-4613-8fec-c4dcedae9a75
INFO: key_placer.py:532: Removing a8236857-8a8b-4c77-9379-3d1aec2fe125
INFO: key_placer.py:532: Removing 92ebaebd-8aa0-4e57-8630-f77d727403a8
INFO: key_placer.py:532: Removing dae623e0-ec75-417f-a7cb-3a1f86fcc55a
INFO: key_placer.py:532: Removing cd8359d8-c367-4d31-855a-b36168f64941
INFO: key_placer.py:532: Removing d24f1c24-5ae5-446b-b038-a37057c6ede6
INFO: key_placer.py:532: Removing 59463acb-e149-4286-bb7b-1a9901756115
INFO: key_placer.py:532: Removing ad39fa5d-3fa1-4143-a6a5-742d1a38779a
INFO: key_placer.py:532: Removing 535a1dc8-c3c4-400c-a7f2-5a7298017ecf
INFO: key_placer.py:532: Removing d03281e9-9114-4b2f-be1e-9670e3bf6680
INFO: key_placer.py:532: Removing 0af31a89-29f7-44e6-965e-4f6fb96138be
INFO: key_placer.py:532: Removing 27843be7-6dc0-434a-b720-dfe929b8c0c8
INFO: key_placer.py:532: Removing 0a79c189-6639-43da-8467-ddbd9ec83cab
INFO: key_placer.py:532: Removing 7cebbe68-840d-4ef6-a7f8-75a0920d1746
INFO: key_placer.py:532: Removing c6e98cad-d273-4fb2-96ec-22127bb2dc99
INFO: key_placer.py:532: Removing dcee0b86-5e0d-4708-bb86-7c85e0e5100a
INFO: key_placer.py:532: Removing 0967660f-3400-4342-b7f3-ced9cd2b0319
INFO: key_placer.py:532: Removing a2075d84-0abc-4aeb-8378-73f2e736291e
INFO: key_placer.py:532: Removing 3ba35055-4de3-4a88-9a22-b82ffdd30acb
INFO: key_placer.py:532: Removing 542e38b8-4ff0-4094-8838-5700e078c49c
INFO: key_placer.py:532: Removing 07e15de4-2297-4888-9d16-38517335006d
INFO: key_placer.py:532: Removing 1999a397-0007-40d0-8d88-3103a4f4f204
INFO: key_placer.py:532: Removing 0b9aee2d-e354-4769-885d-f454065f9ea3
INFO: key_placer.py:532: Removing 71406d45-f73f-43fb-b8e0-d94817f10a7a
INFO: key_placer.py:532: Removing 9997ef7f-137b-4a22-bacd-9696f5ac6451
INFO: key_placer.py:532: Removing d3fd491c-7bfe-4e94-98cf-f7c40e780faa
INFO: key_placer.py:532: Removing 38c2a6e2-60ea-4c69-8f71-3a3c81db5b0f
INFO: key_placer.py:532: Removing 3a138ae8-d80b-445b-9a35-7eab508b5daf
INFO: key_placer.py:532: Removing 2ddc15a2-f440-410f-9eb3-4904d6f85104
INFO: key_placer.py:532: Removing f5745b08-cbb0-4579-bad8-1ff1d4daab49
INFO: key_placer.py:532: Removing e731f3ee-d6d7-49ad-874b-bea25e5db5fe
INFO: key_placer.py:532: Removing ec7f55bf-1760-4d5c-b245-2847855ee15a
INFO: key_placer.py:532: Removing 1ffd508f-2c28-4c4f-be73-45f322edaf65
INFO: key_placer.py:532: Removing 21521546-04ca-45e6-a7b6-f30713838c61
INFO: key_placer.py:532: Removing 6b2f937e-8115-4bf5-991f-6454d689297b
INFO: key_placer.py:532: Removing 9c9efe9f-d57c-46b6-8a25-2a10728c7414
INFO: key_placer.py:532: Removing 04537475-1ddf-424c-961c-4018aa60ad93
INFO: key_placer.py:532: Removing 477dafa4-1d03-475e-82d0-b64b6e90aa7c
INFO: key_placer.py:532: Removing 7f43984e-3057-41fb-b2d9-61fe47633922
INFO: key_placer.py:532: Removing b6f1b2ba-f0d0-4b31-af98-9373ebcd335c
INFO: key_placer.py:532: Removing 00b8309f-6a3f-4722-99c7-94774a72b395
INFO: key_placer.py:532: Removing b4702ed0-e5ec-49f6-b245-8debbfb18282
INFO: key_placer.py:532: Removing 139f5ecb-5597-4639-a537-bd0c7041b799
INFO: key_placer.py:532: Removing 7a6fceef-8926-498f-9313-ab83e5fc21dd
INFO: key_placer.py:532: Removing 0b7a2ffc-4485-4ba4-b7cb-9a1b5d2b189c
INFO: key_placer.py:532: Removing d47ee2c3-6b6a-4fa4-a146-104df0406a80
INFO: key_placer.py:532: Removing d727c5e2-f548-4ff2-b08c-867233206daa
INFO: key_placer.py:532: Removing f99692df-6ae7-4447-bb77-955f2f69d12a
INFO: key_placer.py:532: Removing 04567750-0b3d-4aa6-b76d-05733011af85
INFO: key_placer.py:532: Removing dd7b84b3-f600-44b7-a938-a8042036a88e
INFO: key_placer.py:532: Removing 461db3eb-f12d-4a74-a189-688fff620082
INFO: key_placer.py:532: Removing 7f739a49-ed49-4d3c-a564-a8fa8a43e490
INFO: key_placer.py:532: Removing d66a78e2-3675-4949-a179-aab762628e97
INFO: key_placer.py:532: Removing ec5c7a9a-b9f5-4b2a-94fe-67d4f2757c82
INFO: key_placer.py:532: Removing cd34b7bb-9aa2-44a7-9c88-6dfddf24c23f
INFO: key_placer.py:532: Removing cf4b7baf-dadb-4479-80a3-1bb85ee8af4b
INFO: key_placer.py:532: Removing 2953b4d1-913c-492c-8aab-efabbdf3d010
INFO: key_placer.py:532: Removing c18d270d-3aaa-4a87-9650-4f5ffde9144b
INFO: key_placer.py:532: Removing 74816ab7-b2d3-41dd-9a29-b211a60d80e1
INFO: key_placer.py:532: Removing 8e0a24be-331e-4c0f-b658-6bee704d2cad
INFO: key_placer.py:532: Removing 51203851-480e-4f06-92c1-a040fc5c4ee7
INFO: key_placer.py:532: Removing cc7b0278-7872-4f69-87d4-2d7c17cbc55b
INFO: key_placer.py:532: Removing 5b8d4a4a-aa17-4344-9e46-021034aa1881
INFO: key_placer.py:532: Removing b2ee3861-7170-4752-a4e4-76b1c281128b
INFO: key_placer.py:532: Removing 2bf5a046-91bb-4d55-a974-ec5feb511505
INFO: key_placer.py:532: Removing 4863fd91-9d64-4f6b-9c47-ccfecd5b17db
INFO: key_placer.py:532: Removing 68cbcf5b-aadf-4d67-b02e-cf5d184fda10
INFO: key_placer.py:532: Removing 95b9ad91-a847-4e97-8637-a37d8282843e
INFO: key_placer.py:532: Removing 09286d03-0bf3-4b2c-ba26-3c254107c395
INFO: key_placer.py:532: Removing cd1adfa8-5d91-4370-a31e-0b0e91b833dc
INFO: key_placer.py:532: Removing 3ed71f87-65b0-4115-9114-5af2c8ced4a7
INFO: key_placer.py:532: Removing efe30b8c-96c1-4bd4-b290-1c9401d4f2bf
INFO: key_placer.py:532: Removing b92835ce-f88f-4149-a655-e3f4dfa7fd59
INFO: key_placer.py:532: Removing f7ebbca9-9a25-4828-ac59-6776c105fdd5
INFO: key_placer.py:532: Removing 82b29201-6dc2-4a33-9e94-639b93eb194b
INFO: key_placer.py:532: Removing b15bea13-a484-4687-9c68-4386770f33b3
INFO: key_placer.py:532: Removing 6e71150e-d3c9-4e45-a5f5-cf4a3e7f7913
INFO: key_placer.py:532: Removing e35c913d-3cfa-4e9e-aa20-e7ce5c517810
INFO: key_placer.py:532: Removing 17ea4221-c091-46b7-9bf4-ef2e1127f26d
INFO: key_placer.py:532: Removing bbbd04eb-d2a9-47fc-96b4-f139c86d7463
INFO: key_placer.py:532: Removing 0bba4118-1fe5-4a2c-8252-c7053205e795
INFO: key_placer.py:532: Removing b35f21e6-59fb-46e2-8c94-5cdfe657b804
INFO: key_placer.py:532: Removing 3ee1181a-f2f0-4458-b5e5-40f878f0a555
INFO: key_placer.py:532: Removing 952bc629-ff42-471a-b37a-159cccfb3315
INFO: key_placer.py:532: Removing 45cfac28-daf9-453a-afad-15eb6b689589
INFO: key_placer.py:532: Removing c090469b-f055-412f-afc8-92e3761ae946
INFO: key_placer.py:532: Removing a1a1c6ef-6e2b-4f18-9441-3898d94c9a2e
INFO: key_placer.py:532: Removing fae5f3b0-501b-45bc-9e79-a11742111c42
INFO: key_placer.py:532: Removing bd12ee86-b5eb-44b0-ad3b-8610c957a22d
INFO: key_placer.py:532: Removing d4e973f2-52b7-46d3-99af-e592d5a06258
INFO: key_placer.py:532: Removing 03e5a4ce-80d2-4c41-a135-52bb0a831940
INFO: key_placer.py:532: Removing 1132eaf3-fd6c-490e-95ee-506ab894f322
INFO: key_placer.py:532: Removing 68a9fd5d-209a-4e26-9b6f-e7455d99d4c7
INFO: key_placer.py:532: Removing e72df56c-cea9-4e4e-b32d-12c792295012
INFO: key_placer.py:532: Removing f00c1898-588c-4601-9853-cc8c43b4ee27
INFO: key_placer.py:532: Removing b733f1b6-10f9-4ae2-b75f-5ce4c88888fc
INFO: key_placer.py:532: Removing f527e726-6cf5-4661-b8c9-168df330c267
INFO: key_placer.py:532: Removing eae6ca8b-c21c-49e9-9d01-162008e4fae1
INFO: key_placer.py:532: Removing fe5a2ec1-ca86-476e-8ed1-0168639c8bb8
INFO: key_placer.py:532: Removing a5a20a0c-009c-4e47-8e5d-d6fd851f9a79
INFO: key_placer.py:532: Removing f0708011-b5f7-4fae-a677-f5e3ad6ffd52
INFO: key_placer.py:532: Removing 8ac63db0-e1b4-4efa-9a0c-c6abc3fedcc4
INFO: key_placer.py:532: Removing db329f73-7269-4e42-b9d3-aff89d932ca3
INFO: key_placer.py:532: Removing 1ec0e488-05c1-4fa2-a4a9-de51b7091f37
INFO: key_placer.py:532: Removing 82b703c0-7adf-440f-8a66-903664c20515
INFO: key_placer.py:520: Removing dangling tracks
INFO: key_placer.py:532: Removing b6639c6f-f955-4d1b-a9cc-27037a8ea1ef
INFO: key_placer.py:532: Removing b95a194c-1075-4fe2-8376-2a8bd0ec9336
INFO: key_placer.py:532: Removing 74657a0c-6a29-4914-8524-14871e73fbc4
INFO: key_placer.py:532: Removing ccaa8975-1c04-4c6b-959c-b4b9e755f70a
INFO: key_placer.py:532: Removing 33c85027-c8e7-454a-a27a-aafba119d014
INFO: key_placer.py:532: Removing 4799f9f4-80ca-42cc-b155-16f66e42d9e7
INFO: key_placer.py:532: Removing ac2dfa43-1d0b-4768-a69e-663101135b14
INFO: key_placer.py:532: Removing ec97e3f9-758a-4dd6-937a-31e1c96f70f0
INFO: key_placer.py:532: Removing 1f7fb7f5-c676-4e5f-9b53-51456b8955ee
INFO: key_placer.py:532: Removing e8c9fcc7-79b4-4d90-bace-c2aefbcbe049
INFO: key_placer.py:532: Removing 09453e0b-e835-4b5b-937a-f152eaf742df
INFO: key_placer.py:532: Removing 5931cf7b-3e73-43a1-8160-69d372b46817
INFO: key_placer.py:532: Removing 20879c25-4a4c-4f49-9f81-2a649a0b6420
INFO: key_placer.py:532: Removing 9bb4bf32-0384-4b7b-973b-e971016b9a85
INFO: key_placer.py:532: Removing 358e5f64-9429-431c-8ea6-2e268a04a7e3
INFO: key_placer.py:532: Removing 619e6ff0-2299-48f5-b161-c313dd04071c
INFO: key_placer.py:532: Removing 5f60b790-772c-41cb-9f71-5dabe98e1bf7
INFO: key_placer.py:532: Removing 90895391-1dce-4803-9829-c2b5d4676ec9
INFO: key_placer.py:532: Removing 4f1aeddc-2361-4206-92b3-fd2860d490a7
INFO: key_placer.py:532: Removing ab89ff46-917c-41aa-b13a-308735f67262
INFO: key_placer.py:532: Removing 6edaab40-ea5f-491e-9a3f-31bb60064c69
INFO: key_placer.py:532: Removing c7d30af8-6b3e-4070-a4fe-15973aa9d0a1
INFO: key_placer.py:532: Removing 1da1c45f-439d-499a-8b49-feb473b72042
INFO: key_placer.py:532: Removing 5fc31000-4d88-423a-9906-c298081e0ab9
INFO: key_placer.py:532: Removing d44b2699-59f4-46fb-af6a-1000d9e95c23
INFO: key_placer.py:532: Removing f0b58e17-c18b-4bb6-b1d0-0d50a30f37d5
INFO: key_placer.py:520: Removing dangling tracks
INFO: key_placer.py:532: Removing ae11e944-311a-40a3-9362-a95080be7b83
INFO: key_placer.py:532: Removing 17253e48-1b9c-4bb8-ba4e-708560389a76
INFO: key_placer.py:532: Removing dcdd0fe7-27c0-4a81-a088-6d320785e769
INFO: key_placer.py:532: Removing 300fd299-6451-42a2-8fd9-b559602d1b2e
INFO: key_placer.py:532: Removing 8d65fd45-f379-4672-98b7-baaeb3352deb
INFO: key_placer.py:532: Removing 260d4387-f784-4aa5-9da1-f7549d7f4387
INFO: key_placer.py:532: Removing aa374d06-d980-438f-9244-e2d74cfb6610
INFO: key_placer.py:532: Removing ad246df7-8fd4-42ee-853a-2e9270e1051b
INFO: key_placer.py:532: Removing 06afc851-49f3-4b1f-8455-936626de5cf6
INFO: key_placer.py:532: Removing 3a6d5d72-8f53-4ecc-80e7-18eb03e9fba1
INFO: key_placer.py:532: Removing 2c6dd622-c2fe-4aa4-97b3-4d25d8f74318
INFO: key_placer.py:532: Removing c6ea52e9-f206-4e6c-9787-a28f9d8799c7
INFO: key_placer.py:532: Removing 03580765-870d-4de3-875d-1f6dfc66fb51
INFO: key_placer.py:532: Removing 68304f06-d832-416c-bc95-23ece04c0146
INFO: key_placer.py:532: Removing 5519c837-58b9-4248-a959-bfb4aab6787f
INFO: key_placer.py:532: Removing b056a029-aec9-48c0-8a4c-d360531348c6
INFO: key_placer.py:532: Removing 33f5cc68-e03a-4c3b-8d1e-22888a2f03c9
INFO: key_placer.py:532: Removing da8e9fac-5a62-4510-bfa8-786c4f4814d1
INFO: key_placer.py:532: Removing 794a2242-8d97-4512-bb3a-1453be5ba052
INFO: key_placer.py:532: Removing 86b79f48-85f6-4097-a56b-a204847d6fc5
INFO: key_placer.py:532: Removing 22a68cf1-de56-4304-938d-c83abebb9005
INFO: key_placer.py:532: Removing 6c1e1726-f72f-4a21-973e-e18dda72c699
INFO: key_placer.py:532: Removing 382ca37f-7ad3-4686-a29c-1c636d585f6c
INFO: key_placer.py:532: Removing bad50354-fc9d-4cb9-b9e4-edbc0c9cb997
INFO: key_placer.py:520: Removing dangling tracks
INFO: key_placer.py:532: Removing 34302a24-d934-4553-8956-8b59968ccb99
INFO: key_placer.py:532: Removing b68ac1db-c6c6-41c1-80f5-9eaf49c0f3d4
INFO: key_placer.py:532: Removing 12c8cc81-54ce-4ae0-96d7-649143e20054
INFO: key_placer.py:532: Removing e8f77c61-377a-4e77-929b-1e4bf3b52939
INFO: key_placer.py:532: Removing b247e6cc-0a8b-43e5-809c-f8bf84193b31
INFO: key_placer.py:532: Removing 966eb28e-1aac-43f1-bfd7-ac6e5916e667
INFO: key_placer.py:532: Removing e1eca9a5-123f-458b-9246-a8e160cec898
INFO: key_placer.py:532: Removing b76df4ef-6825-44fa-b72b-07f941776ea0
INFO: key_placer.py:532: Removing 0bbc6910-0280-4768-bb45-7065ae4c902d
INFO: key_placer.py:532: Removing 8173498a-e6d9-444c-887c-66613bfbe8df
INFO: key_placer.py:532: Removing ce525688-0d42-42ad-8b59-dbbda07b937e
INFO: key_placer.py:532: Removing 4738060a-7ec4-4716-bf29-125268ab4967
INFO: key_placer.py:532: Removing f8d51527-7212-4ef2-8843-7c78c492e0ba
INFO: key_placer.py:532: Removing 44e1c072-9afa-4900-aa07-bdda791c51f3
INFO: key_placer.py:532: Removing 8dc91248-2d65-4b83-8395-4935f7a9ef97
INFO: key_placer.py:532: Removing 258f7e82-af27-4342-a5e3-c722021f96b6
INFO: key_placer.py:532: Removing 856100f3-0703-4417-afa7-a86c1fe2e282
INFO: key_placer.py:520: Removing dangling tracks
INFO: key_placer.py:532: Removing f8e5e277-bfe2-444c-8d65-37f93a530ce9
INFO: key_placer.py:532: Removing d5556eee-2dd9-45d7-9654-ea4f869f843e
INFO: key_placer.py:532: Removing 229adc12-140e-465d-b181-fcc16c6954d3
INFO: key_placer.py:532: Removing 50718063-c388-4c18-9a01-65d1eb3420d4
INFO: key_placer.py:532: Removing 8e88f6d8-4e8b-4e3f-a653-5770d7425366
INFO: key_placer.py:532: Removing a97c01db-639d-4aef-b92f-1e6f23f44a86
INFO: key_placer.py:532: Removing f0bf0d8d-7b2d-4768-baaf-81819cf4397c
INFO: key_placer.py:532: Removing 8f260b26-a09e-47cd-af2c-672859db2fd1
INFO: key_placer.py:532: Removing b863023e-3c7c-4c74-a9a5-fa38e005501b
INFO: key_placer.py:532: Removing 23208910-40f3-4f78-9f7d-4febef570e68
INFO: key_placer.py:532: Removing f7ee19c9-dc65-4a33-8c21-fbbe47220114
INFO: key_placer.py:532: Removing e25719c4-086b-49b8-bcfd-2c94ba2d56af
INFO: key_placer.py:532: Removing a9e278a6-f1c9-4921-9170-dd2f20e4ded9
INFO: key_placer.py:520: Removing dangling tracks
INFO: key_placer.py:532: Removing 264e3667-4b7b-4b55-81d7-0b12c2550eb8
INFO: key_placer.py:532: Removing fac0475d-fb6b-4ee3-8272-5401c19fdfa9
INFO: key_placer.py:532: Removing 4c584cc4-fc09-4850-8cb6-fb410588b36c
INFO: key_placer.py:532: Removing e38f7ccc-1dd9-4ab1-8cdc-9ae3c52a738d
INFO: key_placer.py:532: Removing 52ab83ad-c65d-471b-b9a9-bcb97de77213
INFO: key_placer.py:532: Removing 52410220-3fea-4fd4-96e7-ebed084b619a
INFO: key_placer.py:532: Removing 8beffced-06e3-444e-af0a-1ba83df5fd21
INFO: key_placer.py:532: Removing 1ade1c2f-c349-499a-ab87-d2ea00099228
INFO: key_placer.py:532: Removing 682999de-f75a-469d-85d4-c94c35051385
INFO: key_placer.py:532: Removing 298a7e72-d4a3-442f-9bfb-8cd2ce736f6e
INFO: key_placer.py:520: Removing dangling tracks
INFO: key_placer.py:532: Removing d2de51a4-be7e-4174-8458-698f2ebc8c04
INFO: key_placer.py:532: Removing fe51116c-8d21-4c79-b214-f528da6e773c
INFO: key_placer.py:532: Removing 2a7108b7-58ee-44f5-a15b-1c795cb6aef5
INFO: key_placer.py:532: Removing bc4bef72-330e-41b1-832e-7567a2d16907
INFO: key_placer.py:532: Removing 33fbc022-2ccb-4b52-9eb4-1c67d421e433
INFO: key_placer.py:532: Removing 60614a51-c50c-44c3-8489-e0ce1b3ddb21
INFO: key_placer.py:532: Removing f2b5e2be-4b98-428c-8dfb-05f917c8409c
INFO: key_placer.py:532: Removing 2ff666d7-a230-41c7-ac28-99a04f717dfc
INFO: key_placer.py:532: Removing 1bfeb96d-8380-422c-9167-f3d971f8e4e6
INFO: key_placer.py:532: Removing 51d70225-312b-4b79-a1c6-aafc149906a6
INFO: key_placer.py:520: Removing dangling tracks
INFO: key_placer.py:532: Removing 32e49f20-65f7-456e-80d0-1292f0dbe4c1
INFO: key_placer.py:532: Removing b2b9f0c6-4103-4b49-9d9d-4539dbd17d8e
INFO: key_placer.py:532: Removing 3d8b448d-79af-4c85-9266-b853c59a4a5f
INFO: key_placer.py:532: Removing 7e594266-5d7b-43e0-ab07-807d03550404
INFO: key_placer.py:532: Removing 54796852-fb16-4036-afd4-36e7e7dfe4f6
INFO: key_placer.py:532: Removing 064bce4a-1a0a-4f70-a523-35fba890ef6f
INFO: key_placer.py:532: Removing f9b40b8a-9e94-40d1-83a2-ea6b34e0b3f7
INFO: key_placer.py:532: Removing b380defc-8e85-4614-8702-2c0c486744c8
INFO: key_placer.py:532: Removing 8f188617-9adf-4865-bec8-516e9c9a7d83
INFO: key_placer.py:520: Removing dangling tracks
INFO: key_placer.py:532: Removing 07264f82-6358-4ef4-97ed-6b8f2b7d750d
INFO: key_placer.py:532: Removing b8166274-b3b5-4a33-b264-65a45df8e36f
INFO: key_placer.py:532: Removing 74b1f434-e16c-4862-952b-c930a09a9c0e
INFO: key_placer.py:532: Removing 37f6966e-aa1f-4414-9814-5c4e67349d91
INFO: key_placer.py:532: Removing 90f028f9-1cc7-44cf-8337-0a04e575d125
INFO: key_placer.py:532: Removing b0d3a74b-4a6d-476d-b754-fd7301572a1a
INFO: key_placer.py:532: Removing 4f2dd9da-8867-4481-994e-813e2da99ac4
INFO: key_placer.py:532: Removing 8a35151e-a5ee-4de9-afb4-9af75aa3daf0
INFO: key_placer.py:532: Removing c05662c3-aa12-424e-85d8-d631a9794f71
INFO: key_placer.py:520: Removing dangling tracks
INFO: key_placer.py:532: Removing 17e1404c-71f1-4d26-938b-35ebfc84a2a2
INFO: key_placer.py:532: Removing 38e707ec-ae4d-4087-a9e0-1470b2a797c8
INFO: key_placer.py:532: Removing 4a2bd784-a20d-4c88-848d-0a3a7c827504
INFO: key_placer.py:532: Removing 26511e31-1745-438e-a714-ec22f5f41531
INFO: key_placer.py:532: Removing 7647de71-415a-40a7-9538-26981c5c9d29
INFO: key_placer.py:532: Removing 3e101739-4a89-41f7-a400-017d4fc79b0a
INFO: key_placer.py:532: Removing 6f102e66-f944-42a8-8fe5-be03a628ee5c
INFO: key_placer.py:520: Removing dangling tracks
INFO: key_placer.py:532: Removing 7e12b06d-8524-4c95-8ac0-fb325dacec43
INFO: key_placer.py:532: Removing 3855ada2-8bf2-4d3c-9cf3-6242c81f9c4d
INFO: key_placer.py:532: Removing 0a45105f-bf48-4c58-a226-41701df2f7e2
INFO: key_placer.py:532: Removing a557b2af-4bf8-4cea-b130-7d33ab9ab3d7
INFO: key_placer.py:532: Removing 324d67f5-6e89-421d-828c-3961ddab7169
INFO: key_placer.py:520: Removing dangling tracks
INFO: key_placer.py:532: Removing dc3a99ae-9ff9-4a95-949f-0bf6934cbdce
INFO: key_placer.py:532: Removing 18e85ce3-679d-47db-b2a5-3fbf8a743aa5
INFO: key_placer.py:520: Removing dangling tracks
INFO: key_placer.py:532: Removing 458832c8-8eb2-42f9-aa5f-fef964b48085
INFO: key_placer.py:520: Removing dangling tracks
